Date,Time,Location,Weather,Road Condition,Vehicle Type,Driver Condition,Traffic Volume,Accident Severity,Vehicles Involved,Injuries,Fatalities
2023-06-19,1443,Kisumu,Snowy,Wet,Motorcycle,Fatigued,Medium,Minor,1,3,0
2023-12-16,2054,Kericho,Stormy,Muddy,Bicycle,Fatigued,High,Fatal,1,9,2
2023-03-05,1207,Thika,Rainy,Icy,Car,Drunk,High,Minor,1,4,3
2023-04-14,1933,Nairobi,Snowy,Dry,Car,Drunk,High,Minor,3,10,2
2023-09-22,2122,Nakuru,Foggy,Muddy,Pedestrian,Normal,Low,Serious,3,2,5
2023-04-20,124,Nyeri,Rainy,Icy,Car,Normal,Low,Fatal,3,8,3
2023-06-10,249,Machakos,Clear,Wet,Motorcycle,Fatigued,High,Minor,5,7,2
2023-07-18,1418,Mombasa,Rainy,Wet,Truck,Drunk,Low,Serious,2,10,1
2023-11-06,1027,Thika,Clear,Icy,Motorcycle,Distracted,Medium,Fatal,3,10,1
2023-11-12,748,Mombasa,Rainy,Dry,Motorcycle,Fatigued,Low,Serious,5,0,4
2023-07-15,1606,Nakuru,Rainy,Muddy,Truck,Normal,High,Serious,3,5,1
2023-11-28,1530,Nairobi,Rainy,Muddy,Car,Normal,Medium,Serious,5,1,5
2023-02-01,355,Thika,Clear,Icy,Bus,Drunk,High,Minor,3,5,1
2023-12-25,240,Mombasa,Clear,Muddy,Truck,Distracted,Medium,Minor,1,7,0
2023-09-29,1735,Mombasa,Stormy,Wet,Truck,Drunk,Low,Serious,4,7,2
2023-02-12,335,Nairobi,Stormy,Dry,Bicycle,Drunk,High,Serious,4,10,5
2023-01-21,339,Eldoret,Rainy,Icy,Truck,Fatigued,High,Minor,1,10,0
2023-10-24,1946,Nairobi,Rainy,Muddy,Bicycle,Drunk,Low,Serious,1,4,1
2023-01-01,1739,Thika,Stormy,Wet,Motorcycle,Distracted,Medium,Serious,4,4,3
2023-07-19,1358,Mombasa,Foggy,Muddy,Bicycle,Normal,Medium,Minor,2,7,1
2023-05-05,2050,Machakos,Clear,Wet,Car,Drunk,High,Minor,1,3,5
2023-07-05,4,Kisumu,Foggy,Wet,Bus,Fatigued,High,Fatal,3,2,2
2023-07-05,1255,Thika,Stormy,Icy,Motorcycle,Normal,Medium,Serious,4,4,4
2023-07-19,2224,Kisumu,Snowy,Dry,Pedestrian,Fatigued,Low,Fatal,2,1,0
2023-08-14,401,Meru,Clear,Icy,Bus,Drunk,Medium,Minor,5,7,0
2023-06-16,1809,Mombasa,Stormy,Dry,Motorcycle,Distracted,Medium,Serious,1,7,4
2023-11-14,2324,Eldoret,Stormy,Icy,Bicycle,Distracted,High,Fatal,3,5,5
2023-11-02,2203,Machakos,Clear,Muddy,Bicycle,Distracted,High,Fatal,1,4,2
2023-12-02,1953,Nakuru,Clear,Muddy,Bicycle,Drunk,High,Minor,3,6,2
2023-09-14,1155,Thika,Rainy,Muddy,Car,Distracted,Low,Fatal,3,8,3
2023-06-29,1216,Kericho,Stormy,Wet,Bus,Drunk,Medium,Minor,1,1,5
2023-05-12,1734,Nyeri,Rainy,Wet,Motorcycle,Normal,Medium,Minor,5,0,0
2023-09-23,1013,Nakuru,Snowy,Wet,Pedestrian,Drunk,Medium,Minor,1,5,0
2023-12-06,1218,Mombasa,Stormy,Muddy,Pedestrian,Drunk,Low,Minor,1,3,1
2023-03-20,418,Nakuru,Stormy,Wet,Pedestrian,Distracted,High,Serious,2,6,1
2023-12-12,1001,Thika,Foggy,Dry,Bus,Normal,High,Serious,3,4,4
2023-03-22,100,Nairobi,Stormy,Muddy,Car,Normal,High,Serious,1,10,5
2023-12-16,738,Meru,Rainy,Muddy,Bicycle,Distracted,Low,Minor,4,8,5
2023-04-11,442,Kisumu,Rainy,Icy,Truck,Drunk,Low,Serious,5,0,1
2023-09-22,816,Meru,Clear,Muddy,Bus,Fatigued,Medium,Serious,5,10,3
2023-04-22,1639,Nairobi,Snowy,Wet,Truck,Drunk,High,Minor,2,0,0
2023-02-13,1406,Nyeri,Snowy,Dry,Bicycle,Fatigued,Low,Minor,2,4,4
2023-07-29,1547,Nairobi,Clear,Dry,Pedestrian,Normal,Low,Fatal,5,9,3
2023-02-13,839,Machakos,Snowy,Icy,Motorcycle,Distracted,Medium,Serious,4,0,3
2023-03-07,1937,Thika,Foggy,Dry,Bus,Normal,Medium,Serious,3,1,3
2023-08-31,1524,Thika,Foggy,Icy,Pedestrian,Fatigued,High,Minor,4,4,2
2023-06-16,325,Machakos,Snowy,Wet,Bus,Normal,Low,Serious,1,9,4
2023-12-22,1045,Meru,Rainy,Icy,Pedestrian,Fatigued,High,Serious,3,0,1
2023-01-11,509,Nyeri,Snowy,Dry,Bus,Fatigued,Low,Minor,4,0,3
2023-11-11,1346,Eldoret,Snowy,Dry,Bus,Normal,High,Fatal,3,7,2
2023-09-23,1418,Mombasa,Stormy,Wet,Pedestrian,Normal,High,Fatal,2,5,2
2023-09-02,1317,Thika,Snowy,Wet,Car,Normal,High,Serious,3,9,2
2023-05-01,1658,Eldoret,Rainy,Muddy,Truck,Fatigued,High,Serious,4,10,3
2023-03-14,1438,Meru,Rainy,Muddy,Truck,Normal,Medium,Serious,5,5,0
2023-08-10,624,Nakuru,Rainy,Muddy,Bicycle,Fatigued,Medium,Fatal,3,0,3
2023-05-05,652,Eldoret,Clear,Dry,Motorcycle,Normal,High,Minor,4,6,5
2023-05-08,1829,Eldoret,Stormy,Wet,Truck,Normal,High,Serious,1,1,1
2023-10-02,2330,Nakuru,Foggy,Dry,Bicycle,Fatigued,Medium,Fatal,5,8,3
2023-06-25,1012,Nyeri,Rainy,Wet,Bicycle,Normal,Medium,Fatal,5,5,5
2023-08-28,813,Thika,Foggy,Muddy,Motorcycle,Drunk,Medium,Serious,5,6,4
2023-05-20,1611,Mombasa,Foggy,Muddy,Bicycle,Drunk,High,Serious,1,5,4
2023-10-19,1318,Kericho,Stormy,Dry,Motorcycle,Normal,Low,Serious,3,9,5
2023-01-03,1228,Nairobi,Rainy,Wet,Bicycle,Normal,High,Minor,2,6,3
2023-05-22,1604,Nairobi,Rainy,Wet,Truck,Drunk,Medium,Fatal,4,10,3
2023-05-19,1922,Nyeri,Clear,Muddy,Truck,Drunk,Medium,Serious,3,8,2
2023-08-13,1645,Machakos,Snowy,Dry,Car,Normal,Low,Fatal,3,6,1
2023-07-30,1259,Eldoret,Clear,Muddy,Car,Normal,High,Fatal,1,3,3
2023-06-19,1612,Kisumu,Snowy,Icy,Bus,Distracted,Medium,Minor,2,2,3
2023-07-05,1454,Eldoret,Rainy,Icy,Bicycle,Distracted,Low,Serious,1,4,1
2023-08-18,1657,Kisumu,Clear,Wet,Bicycle,Drunk,High,Serious,3,2,2
2023-12-17,2220,Thika,Foggy,Muddy,Pedestrian,Fatigued,Low,Minor,4,5,4
2023-01-26,547,Meru,Foggy,Wet,Pedestrian,Fatigued,High,Serious,5,1,1
2023-03-25,1854,Mombasa,Foggy,Muddy,Car,Normal,High,Fatal,5,0,5
2023-07-21,37,Mombasa,Rainy,Dry,Truck,Fatigued,High,Fatal,5,4,0
2023-10-22,2358,Eldoret,Rainy,Wet,Pedestrian,Distracted,Medium,Minor,3,5,5
2023-04-24,859,Thika,Snowy,Dry,Bicycle,Drunk,Medium,Serious,4,0,5
2023-01-09,2218,Mombasa,Foggy,Dry,Bicycle,Fatigued,Low,Minor,3,3,5
2023-07-19,2237,Kericho,Rainy,Icy,Bicycle,Normal,Medium,Fatal,4,8,5
2023-04-05,1333,Eldoret,Snowy,Muddy,Bicycle,Drunk,Low,Serious,1,0,1
2023-08-23,1216,Kisumu,Rainy,Muddy,Car,Fatigued,High,Minor,2,7,5
2023-08-13,200,Machakos,Stormy,Dry,Car,Drunk,Medium,Minor,2,5,1
2023-05-14,1113,Kericho,Clear,Dry,Car,Drunk,High,Minor,3,1,2
2023-06-01,1416,Nairobi,Rainy,Icy,Truck,Distracted,Low,Serious,4,1,0
2023-08-27,2209,Eldoret,Foggy,Wet,Truck,Normal,Medium,Minor,4,4,0
2023-10-02,2021,Machakos,Foggy,Icy,Bus,Fatigued,High,Minor,5,5,2
2023-01-13,939,Nyeri,Clear,Dry,Motorcycle,Drunk,Low,Serious,1,4,0
2023-04-20,139,Thika,Rainy,Wet,Pedestrian,Distracted,Low,Fatal,2,5,5
2023-12-10,603,Eldoret,Foggy,Muddy,Car,Drunk,High,Fatal,4,10,3
2023-01-22,2259,Kericho,Snowy,Wet,Bus,Drunk,High,Serious,3,4,3
2023-09-30,1803,Nyeri,Rainy,Dry,Car,Normal,Low,Fatal,2,5,5
2023-07-18,1030,Nakuru,Clear,Icy,Car,Fatigued,Low,Minor,1,1,4
2023-12-19,529,Nyeri,Stormy,Muddy,Motorcycle,Drunk,Low,Minor,4,9,1
2023-09-13,1058,Kericho,Snowy,Icy,Bicycle,Normal,High,Serious,1,0,0
2023-08-19,134,Meru,Clear,Icy,Pedestrian,Distracted,High,Serious,4,6,5
2023-03-25,2236,Eldoret,Snowy,Muddy,Bicycle,Distracted,High,Fatal,1,5,4
2023-12-22,1715,Meru,Clear,Muddy,Pedestrian,Drunk,Low,Fatal,2,7,5
2023-12-05,755,Machakos,Clear,Icy,Pedestrian,Fatigued,Medium,Serious,2,8,5
2023-07-15,2150,Thika,Clear,Muddy,Car,Fatigued,Low,Fatal,4,4,3
2023-05-21,1154,Nairobi,Rainy,Wet,Pedestrian,Drunk,High,Minor,1,1,5
2023-03-15,1606,Eldoret,Stormy,Dry,Motorcycle,Fatigued,Low,Serious,3,2,5
2023-06-02,804,Eldoret,Snowy,Wet,Truck,Fatigued,Low,Serious,3,5,4
2023-03-29,1929,Machakos,Stormy,Dry,Bicycle,Distracted,High,Minor,5,7,0
2023-09-17,825,Machakos,Rainy,Dry,Car,Distracted,Medium,Fatal,4,5,3
2023-04-07,1237,Kericho,Clear,Icy,Truck,Fatigued,Medium,Fatal,5,2,3
2023-02-06,333,Kisumu,Rainy,Muddy,Pedestrian,Fatigued,High,Minor,4,1,1
2023-07-03,158,Nakuru,Snowy,Dry,Motorcycle,Drunk,High,Minor,4,2,5
2023-03-28,1512,Kisumu,Clear,Wet,Car,Distracted,High,Minor,4,8,0
2023-11-26,1220,Nyeri,Snowy,Icy,Motorcycle,Fatigued,Medium,Serious,4,8,1
2023-09-18,1150,Mombasa,Rainy,Wet,Bicycle,Normal,Medium,Minor,3,5,1
2023-02-15,1511,Kisumu,Foggy,Icy,Car,Fatigued,High,Serious,4,4,4
2023-07-27,441,Nyeri,Snowy,Icy,Bicycle,Fatigued,Low,Minor,1,0,0
2023-12-21,1302,Kisumu,Foggy,Muddy,Car,Normal,Medium,Serious,2,7,5
2023-10-27,2018,Kericho,Stormy,Icy,Bus,Distracted,Low,Minor,1,1,4
2023-11-18,1347,Eldoret,Rainy,Dry,Motorcycle,Normal,High,Fatal,1,3,4
2023-01-27,1802,Kisumu,Stormy,Dry,Bus,Normal,High,Serious,2,6,5
2023-08-28,618,Meru,Clear,Muddy,Pedestrian,Drunk,Low,Serious,5,1,4
2023-01-07,1402,Nairobi,Clear,Wet,Car,Drunk,Medium,Minor,3,0,3
2023-05-11,635,Nairobi,Clear,Wet,Bus,Normal,High,Minor,3,6,5
2023-11-24,349,Thika,Stormy,Dry,Car,Normal,Medium,Minor,4,1,4
2023-06-21,2105,Nairobi,Rainy,Wet,Car,Normal,Medium,Serious,5,3,3
2023-06-20,1048,Kericho,Snowy,Wet,Car,Fatigued,High,Serious,1,4,5
2023-05-16,234,Mombasa,Snowy,Wet,Motorcycle,Drunk,Medium,Serious,4,4,4
2023-08-12,900,Kericho,Clear,Wet,Bicycle,Fatigued,Medium,Minor,2,1,3
2023-12-16,2306,Thika,Rainy,Icy,Pedestrian,Drunk,Medium,Serious,2,9,4
2023-02-12,2040,Eldoret,Snowy,Wet,Pedestrian,Distracted,Low,Serious,4,2,0
2023-05-19,1714,Nyeri,Stormy,Dry,Car,Drunk,Medium,Fatal,5,1,2
2023-05-12,559,Nairobi,Snowy,Icy,Pedestrian,Normal,High,Minor,1,5,3
2023-12-17,1023,Machakos,Snowy,Icy,Pedestrian,Distracted,High,Fatal,1,8,3
2023-02-21,847,Mombasa,Clear,Wet,Pedestrian,Fatigued,Medium,Fatal,1,4,3
2023-12-30,535,Thika,Rainy,Wet,Motorcycle,Normal,High,Serious,5,9,3
2023-10-20,702,Mombasa,Foggy,Muddy,Pedestrian,Fatigued,Medium,Serious,3,0,2
2023-03-27,1257,Nakuru,Stormy,Muddy,Pedestrian,Distracted,Medium,Fatal,5,2,0
2023-10-11,626,Kisumu,Rainy,Icy,Bus,Distracted,Medium,Fatal,4,9,4
2023-09-06,2018,Kericho,Rainy,Wet,Truck,Drunk,High,Fatal,2,3,2
2023-09-30,1629,Nyeri,Snowy,Icy,Pedestrian,Normal,High,Serious,1,7,1
2023-02-16,1106,Meru,Snowy,Muddy,Car,Normal,High,Minor,1,0,1
2023-05-19,137,Nairobi,Rainy,Dry,Bus,Fatigued,High,Fatal,3,10,3
2023-11-03,616,Kisumu,Stormy,Wet,Car,Fatigued,Medium,Serious,1,1,0
2023-11-01,1833,Kericho,Snowy,Muddy,Car,Distracted,Low,Fatal,1,5,0
2023-01-24,42,Machakos,Clear,Icy,Bicycle,Drunk,High,Minor,4,8,2
2023-08-01,214,Meru,Clear,Dry,Motorcycle,Fatigued,Medium,Serious,2,8,5
2023-01-14,540,Meru,Rainy,Icy,Bus,Drunk,High,Serious,5,1,2
2023-10-24,1024,Mombasa,Clear,Dry,Car,Normal,Medium,Fatal,3,5,2
2023-06-02,1356,Meru,Foggy,Icy,Truck,Distracted,High,Serious,5,8,0
2023-03-11,703,Thika,Stormy,Wet,Motorcycle,Normal,High,Fatal,5,5,3
2023-01-18,1437,Nyeri,Rainy,Muddy,Bus,Distracted,Low,Serious,4,3,1
2023-09-12,421,Kisumu,Snowy,Muddy,Pedestrian,Fatigued,Medium,Serious,2,10,3
2023-04-25,1616,Mombasa,Snowy,Icy,Bus,Drunk,Low,Fatal,4,7,3
2023-12-16,2305,Nyeri,Snowy,Dry,Pedestrian,Normal,Medium,Serious,3,2,1
2023-11-02,1347,Thika,Rainy,Icy,Bicycle,Drunk,High,Serious,3,10,3
2023-09-10,2240,Mombasa,Clear,Dry,Bus,Fatigued,High,Minor,2,6,5
2023-03-02,1648,Kericho,Clear,Wet,Pedestrian,Normal,Low,Fatal,3,4,1
2023-12-27,1732,Mombasa,Foggy,Wet,Car,Normal,Medium,Serious,2,3,4
2023-04-11,2240,Eldoret,Clear,Dry,Truck,Distracted,Low,Serious,3,3,4
2023-07-10,1323,Mombasa,Snowy,Dry,Pedestrian,Fatigued,Medium,Minor,5,4,5
2023-01-23,32,Meru,Rainy,Muddy,Bicycle,Drunk,Medium,Serious,2,4,2
2023-03-27,917,Eldoret,Snowy,Icy,Truck,Normal,Low,Fatal,2,5,1
2023-12-04,1014,Nairobi,Snowy,Dry,Pedestrian,Drunk,High,Minor,4,8,0
2023-03-31,2038,Eldoret,Snowy,Dry,Truck,Drunk,High,Serious,1,7,4
2023-02-26,932,Machakos,Snowy,Dry,Motorcycle,Normal,High,Minor,2,8,0
2023-12-23,644,Machakos,Foggy,Wet,Motorcycle,Normal,High,Fatal,2,6,4
2023-04-08,1150,Machakos,Rainy,Muddy,Bus,Drunk,High,Fatal,5,3,5
2023-02-25,1939,Kisumu,Clear,Dry,Motorcycle,Normal,Medium,Fatal,2,5,2
2023-11-05,1113,Nairobi,Clear,Icy,Pedestrian,Distracted,Medium,Fatal,3,2,4
2023-07-01,1823,Eldoret,Foggy,Muddy,Motorcycle,Distracted,Medium,Fatal,5,5,1
2023-05-15,1010,Machakos,Stormy,Dry,Motorcycle,Fatigued,Low,Fatal,2,4,4
2023-12-11,153,Meru,Foggy,Dry,Car,Normal,Low,Serious,1,0,2
2023-04-12,2249,Kericho,Stormy,Muddy,Truck,Normal,Medium,Fatal,3,0,5
2023-05-26,1207,Mombasa,Stormy,Dry,Bicycle,Normal,High,Fatal,5,1,2
2023-07-09,1609,Mombasa,Clear,Icy,Pedestrian,Drunk,Medium,Minor,2,7,1
2023-05-28,1727,Eldoret,Foggy,Icy,Car,Distracted,Low,Fatal,5,6,2
2023-07-06,256,Eldoret,Stormy,Wet,Truck,Distracted,High,Serious,4,3,3
2023-06-16,1151,Nakuru,Rainy,Muddy,Pedestrian,Fatigued,Medium,Serious,4,5,2
2023-09-05,2053,Nakuru,Stormy,Muddy,Bicycle,Normal,Medium,Minor,4,9,2
2023-05-09,1231,Machakos,Snowy,Wet,Pedestrian,Drunk,High,Minor,1,7,0
2023-10-17,138,Thika,Foggy,Dry,Bus,Fatigued,Medium,Fatal,1,0,3
2023-02-18,1944,Nyeri,Snowy,Icy,Bus,Fatigued,Low,Serious,3,6,4
2023-04-01,2000,Kericho,Stormy,Icy,Car,Drunk,Medium,Minor,3,7,2
2023-12-24,1933,Nyeri,Snowy,Muddy,Bicycle,Normal,High,Minor,4,3,4
2023-10-26,2205,Kisumu,Foggy,Dry,Car,Fatigued,High,Fatal,5,5,5
2023-01-07,1122,Kisumu,Foggy,Wet,Bus,Distracted,High,Fatal,2,8,0
2023-01-07,2033,Kisumu,Foggy,Wet,Bicycle,Normal,Low,Minor,1,3,5
2023-09-12,1405,Machakos,Clear,Wet,Bicycle,Drunk,Low,Serious,3,2,1
2023-11-12,2025,Kisumu,Foggy,Dry,Motorcycle,Drunk,Low,Serious,2,3,2
2023-12-23,1642,Meru,Snowy,Dry,Car,Fatigued,Medium,Serious,3,1,3
2023-12-01,121,Machakos,Rainy,Dry,Pedestrian,Normal,Low,Minor,1,8,3
2023-03-12,2201,Thika,Rainy,Dry,Motorcycle,Fatigued,Low,Minor,4,7,2
2023-12-31,1411,Meru,Stormy,Icy,Bicycle,Fatigued,Medium,Fatal,3,2,4
2023-07-17,123,Meru,Foggy,Icy,Car,Fatigued,Medium,Fatal,1,2,3
2023-10-02,253,Nyeri,Stormy,Muddy,Pedestrian,Distracted,Medium,Fatal,3,2,2
2023-06-28,1921,Kisumu,Snowy,Icy,Truck,Normal,Medium,Minor,4,9,2
2023-09-01,156,Eldoret,Snowy,Dry,Bus,Drunk,Low,Minor,4,9,1
2023-07-28,2152,Nyeri,Foggy,Wet,Truck,Distracted,Low,Minor,4,3,0
2023-08-06,523,Machakos,Stormy,Wet,Bus,Fatigued,Medium,Serious,2,6,2
2023-05-18,2323,Nairobi,Clear,Dry,Bus,Normal,High,Fatal,4,8,5
2023-02-21,1030,Mombasa,Snowy,Wet,Motorcycle,Normal,Low,Minor,1,0,0
2023-01-08,1552,Nairobi,Snowy,Icy,Motorcycle,Distracted,Medium,Fatal,4,3,5
2023-07-22,258,Machakos,Stormy,Dry,Car,Normal,High,Fatal,3,7,0
2023-09-28,910,Eldoret,Snowy,Wet,Bicycle,Distracted,High,Fatal,3,1,1
2023-01-03,808,Nairobi,Clear,Muddy,Motorcycle,Normal,Low,Serious,4,0,4
2023-07-16,1449,Eldoret,Stormy,Dry,Bus,Drunk,Low,Minor,4,7,3
2023-07-24,250,Eldoret,Clear,Muddy,Bus,Drunk,High,Serious,3,9,1
2023-09-17,1133,Nyeri,Stormy,Muddy,Truck,Drunk,Low,Minor,3,4,0
2023-09-27,1444,Eldoret,Stormy,Dry,Truck,Fatigued,Low,Minor,5,1,2
2023-09-02,107,Kericho,Foggy,Icy,Bicycle,Distracted,Low,Minor,1,10,3
2023-05-21,350,Thika,Stormy,Wet,Motorcycle,Distracted,High,Minor,3,6,1
2023-06-17,1449,Eldoret,Clear,Icy,Pedestrian,Distracted,Medium,Serious,4,7,2
2023-08-25,1900,Nairobi,Clear,Dry,Pedestrian,Fatigued,High,Serious,4,6,5
2023-10-14,701,Nyeri,Snowy,Icy,Bus,Drunk,High,Serious,1,2,0
2023-10-21,2151,Mombasa,Foggy,Muddy,Bus,Drunk,Low,Serious,3,4,4
2023-10-18,1213,Nairobi,Foggy,Icy,Pedestrian,Normal,Low,Serious,5,8,2
2023-05-26,333,Meru,Rainy,Icy,Car,Normal,Medium,Serious,4,10,5
2023-02-02,2332,Nyeri,Stormy,Wet,Pedestrian,Drunk,High,Fatal,2,7,0
2023-10-05,214,Meru,Clear,Wet,Truck,Normal,High,Serious,4,9,5
2023-09-21,1807,Eldoret,Rainy,Icy,Car,Fatigued,Medium,Minor,5,2,3
2023-10-11,1628,Eldoret,Foggy,Wet,Pedestrian,Drunk,Medium,Fatal,5,10,5
2023-03-27,955,Meru,Foggy,Wet,Pedestrian,Drunk,High,Serious,3,7,2
2023-12-31,1600,Meru,Clear,Muddy,Pedestrian,Distracted,Medium,Fatal,2,9,5
2023-07-15,334,Kericho,Stormy,Dry,Pedestrian,Distracted,Low,Fatal,5,4,3
2023-04-24,540,Kericho,Stormy,Dry,Motorcycle,Drunk,Medium,Serious,2,7,2
2023-10-04,241,Kericho,Rainy,Muddy,Car,Normal,Medium,Minor,1,3,2
2023-11-06,1348,Thika,Rainy,Icy,Bus,Normal,Medium,Serious,4,7,0
2023-03-03,633,Kericho,Foggy,Muddy,Bus,Fatigued,Medium,Fatal,1,5,0
2023-05-23,123,Thika,Rainy,Wet,Car,Distracted,Medium,Minor,5,0,0
2023-03-03,2132,Machakos,Clear,Wet,Bicycle,Distracted,Medium,Minor,3,5,4
2023-01-20,35,Nakuru,Stormy,Icy,Bicycle,Normal,Medium,Serious,4,0,2
2023-01-21,1141,Kericho,Rainy,Dry,Bicycle,Fatigued,Low,Fatal,2,4,1
2023-07-26,1748,Meru,Clear,Icy,Car,Distracted,Low,Serious,2,9,5
2023-08-26,812,Thika,Rainy,Wet,Car,Drunk,High,Serious,2,9,5
2023-01-23,945,Thika,Foggy,Icy,Motorcycle,Normal,Medium,Minor,2,8,5
2023-11-12,1643,Machakos,Snowy,Muddy,Bicycle,Fatigued,High,Minor,3,4,2
2023-02-28,1342,Nairobi,Stormy,Dry,Bus,Drunk,High,Serious,2,4,4
2023-01-05,1844,Nyeri,Foggy,Icy,Truck,Distracted,High,Fatal,1,3,4
2023-04-09,1504,Nairobi,Rainy,Dry,Pedestrian,Fatigued,High,Minor,1,7,3
2023-04-12,1112,Mombasa,Clear,Muddy,Bicycle,Distracted,High,Fatal,3,5,1
2023-09-27,2346,Thika,Rainy,Muddy,Motorcycle,Drunk,Low,Serious,1,4,0
2023-06-26,338,Nyeri,Foggy,Muddy,Bus,Distracted,Low,Serious,2,5,4
2023-10-19,1200,Eldoret,Stormy,Muddy,Car,Drunk,Low,Serious,1,6,0
2023-09-13,951,Kericho,Snowy,Wet,Motorcycle,Normal,Low,Fatal,2,8,1
2023-09-06,845,Thika,Rainy,Dry,Pedestrian,Drunk,High,Fatal,3,2,5
2023-06-17,1017,Nyeri,Rainy,Icy,Pedestrian,Normal,Medium,Serious,1,7,1
2023-07-28,802,Meru,Clear,Wet,Truck,Drunk,Medium,Serious,5,0,3
2023-12-13,444,Nyeri,Stormy,Icy,Car,Fatigued,Medium,Minor,3,10,3
2023-06-12,2101,Nakuru,Foggy,Dry,Truck,Distracted,Medium,Fatal,3,4,2
2023-10-30,1843,Eldoret,Snowy,Muddy,Bus,Normal,Medium,Minor,1,4,0
2023-01-09,256,Kisumu,Rainy,Icy,Truck,Normal,Medium,Serious,3,7,1
2023-07-16,333,Kericho,Snowy,Dry,Pedestrian,Distracted,Low,Serious,4,3,0
2023-10-15,2356,Eldoret,Foggy,Muddy,Bicycle,Drunk,Low,Fatal,5,2,2
2023-02-11,23,Nyeri,Foggy,Wet,Car,Drunk,Low,Fatal,5,3,4
2023-09-24,1537,Nairobi,Foggy,Dry,Bicycle,Fatigued,Low,Fatal,1,0,4
2023-05-31,1026,Mombasa,Snowy,Dry,Bus,Normal,Low,Serious,1,4,1
2023-07-03,2143,Kisumu,Foggy,Muddy,Bus,Distracted,High,Serious,3,1,4
2023-11-02,1114,Machakos,Rainy,Icy,Bus,Drunk,Medium,Fatal,4,1,4
2023-05-13,458,Kisumu,Foggy,Dry,Bus,Drunk,High,Minor,2,7,1
2023-11-10,1017,Kericho,Stormy,Icy,Bicycle,Drunk,Medium,Fatal,4,9,5
2023-06-15,2137,Thika,Rainy,Dry,Motorcycle,Normal,Medium,Minor,5,7,4
2023-11-28,714,Kericho,Foggy,Icy,Car,Drunk,Medium,Minor,4,7,3
2023-06-26,948,Nairobi,Foggy,Muddy,Pedestrian,Drunk,Medium,Minor,4,8,5
2023-03-06,49,Nairobi,Snowy,Muddy,Truck,Fatigued,Low,Fatal,3,10,3
2023-06-21,2000,Kisumu,Clear,Dry,Pedestrian,Distracted,Medium,Fatal,1,0,4
2023-01-05,1015,Kisumu,Clear,Wet,Truck,Fatigued,High,Minor,4,4,0
2023-01-07,137,Thika,Foggy,Dry,Motorcycle,Drunk,High,Fatal,5,4,1
2023-09-29,1913,Meru,Rainy,Icy,Bus,Drunk,Medium,Minor,2,2,2
2023-09-07,1732,Thika,Snowy,Wet,Bus,Drunk,High,Minor,3,6,1
2023-09-01,1820,Nakuru,Foggy,Dry,Truck,Distracted,Low,Serious,5,3,5
2023-08-18,1257,Kericho,Stormy,Wet,Bicycle,Drunk,Low,Fatal,1,9,3
2023-05-14,351,Nakuru,Clear,Wet,Bicycle,Drunk,Low,Serious,4,1,0
2023-11-01,1133,Kisumu,Rainy,Dry,Car,Drunk,Medium,Fatal,1,10,0
2023-11-24,1120,Machakos,Foggy,Muddy,Bus,Distracted,High,Fatal,5,10,4
2023-05-02,1946,Nakuru,Snowy,Icy,Bus,Drunk,Low,Fatal,4,4,1
2023-06-01,1859,Thika,Stormy,Wet,Pedestrian,Normal,Medium,Serious,5,9,2
2023-10-27,1047,Thika,Rainy,Wet,Motorcycle,Fatigued,High,Serious,4,7,3
2023-03-14,1852,Kericho,Stormy,Icy,Car,Normal,Medium,Fatal,4,6,4
2023-04-03,26,Nakuru,Snowy,Wet,Car,Drunk,Low,Fatal,1,1,1
2023-03-06,2330,Mombasa,Snowy,Wet,Pedestrian,Normal,Medium,Fatal,2,4,0
2023-01-28,2226,Kericho,Rainy,Icy,Bicycle,Normal,High,Serious,3,7,3
2023-11-03,1721,Nakuru,Foggy,Dry,Bus,Normal,High,Serious,3,0,4
2023-05-20,1710,Machakos,Snowy,Dry,Car,Normal,Low,Fatal,5,8,1
2023-04-22,2342,Eldoret,Clear,Wet,Bicycle,Distracted,Medium,Fatal,3,4,5
2023-11-20,1415,Machakos,Rainy,Wet,Bicycle,Fatigued,Medium,Minor,2,3,0
2023-03-23,124,Machakos,Snowy,Icy,Bus,Distracted,High,Minor,3,6,0
2023-12-28,145,Machakos,Clear,Wet,Bus,Normal,Medium,Fatal,3,7,4
2023-11-08,309,Meru,Stormy,Dry,Pedestrian,Fatigued,High,Serious,5,4,2
2023-05-30,1629,Kericho,Clear,Icy,Car,Normal,High,Serious,5,4,3
2023-01-07,548,Meru,Rainy,Dry,Truck,Fatigued,Low,Serious,2,1,2
2023-07-27,2348,Thika,Stormy,Dry,Car,Distracted,High,Serious,2,1,2
2023-05-04,412,Nyeri,Clear,Icy,Bus,Drunk,Low,Minor,1,9,3
2023-06-14,258,Eldoret,Foggy,Wet,Pedestrian,Normal,Medium,Fatal,2,1,1
2023-01-21,1208,Nyeri,Stormy,Muddy,Motorcycle,Normal,Medium,Minor,2,9,1
2023-09-09,31,Machakos,Stormy,Icy,Pedestrian,Distracted,Medium,Serious,1,1,1
2023-10-06,1042,Nakuru,Clear,Muddy,Bicycle,Fatigued,Low,Minor,1,7,3
2023-03-26,443,Eldoret,Foggy,Dry,Truck,Drunk,High,Fatal,1,7,1
2023-09-29,2350,Kericho,Stormy,Wet,Bicycle,Normal,Medium,Fatal,3,8,2
2023-06-25,1110,Nakuru,Clear,Icy,Motorcycle,Normal,Medium,Fatal,1,7,4
2023-11-21,1755,Thika,Snowy,Wet,Bus,Fatigued,Medium,Fatal,5,1,5
2023-04-05,2022,Kericho,Foggy,Wet,Truck,Normal,High,Fatal,2,2,1
2023-10-06,1431,Nyeri,Snowy,Wet,Car,Drunk,Medium,Minor,4,4,5
2023-05-07,545,Mombasa,Foggy,Dry,Pedestrian,Distracted,Low,Fatal,4,3,5
2023-11-10,949,Nairobi,Clear,Dry,Car,Fatigued,High,Minor,3,7,0
2023-01-16,1004,Eldoret,Clear,Wet,Motorcycle,Drunk,Low,Fatal,5,6,5
2023-09-03,1057,Eldoret,Rainy,Icy,Bicycle,Distracted,Medium,Minor,2,5,2
2023-10-14,1125,Nyeri,Foggy,Icy,Bus,Normal,Medium,Fatal,3,3,2
2023-07-05,203,Thika,Snowy,Icy,Bus,Distracted,Low,Fatal,1,6,4
2023-10-22,952,Kisumu,Foggy,Icy,Bus,Drunk,Medium,Serious,3,1,1
2023-06-15,249,Meru,Foggy,Muddy,Bicycle,Normal,Low,Minor,3,1,0
2023-11-30,2029,Kericho,Foggy,Dry,Truck,Distracted,Medium,Fatal,1,9,4
2023-06-02,2220,Machakos,Snowy,Muddy,Bus,Distracted,Low,Minor,2,4,5
2023-02-06,2251,Nyeri,Clear,Icy,Pedestrian,Distracted,High,Minor,4,6,5
2023-07-21,1124,Nakuru,Snowy,Dry,Car,Distracted,Low,Minor,5,9,4
2023-02-09,1958,Eldoret,Stormy,Muddy,Truck,Distracted,High,Fatal,5,3,4
2023-08-18,635,Thika,Snowy,Icy,Car,Normal,Medium,Fatal,5,9,3
2023-03-09,735,Nakuru,Stormy,Wet,Truck,Fatigued,Medium,Minor,2,6,4
2023-12-20,436,Meru,Stormy,Dry,Bicycle,Distracted,Low,Serious,3,1,5
2023-12-06,2316,Mombasa,Snowy,Dry,Car,Distracted,High,Minor,3,3,3
2023-06-14,1718,Nakuru,Foggy,Muddy,Bicycle,Distracted,Medium,Minor,3,4,2
2023-05-26,1904,Meru,Rainy,Dry,Bicycle,Distracted,Medium,Fatal,5,4,3
2023-11-11,2219,Machakos,Snowy,Wet,Motorcycle,Normal,High,Minor,4,9,1
2023-10-25,721,Kericho,Clear,Dry,Truck,Drunk,Low,Minor,5,10,0
2023-05-30,1824,Kisumu,Rainy,Icy,Car,Drunk,High,Serious,2,3,2
2023-09-16,709,Kericho,Rainy,Wet,Car,Drunk,Medium,Serious,4,5,1
2023-04-25,250,Kisumu,Stormy,Dry,Car,Normal,Medium,Fatal,3,9,2
2023-09-01,58,Machakos,Foggy,Icy,Motorcycle,Normal,Low,Minor,5,4,4
2023-03-13,409,Kericho,Rainy,Dry,Motorcycle,Distracted,Low,Serious,3,8,0
2023-02-01,1452,Meru,Stormy,Muddy,Truck,Distracted,Medium,Fatal,5,8,0
2023-01-24,1537,Meru,Snowy,Muddy,Bicycle,Fatigued,Medium,Minor,1,5,4
2023-02-22,1442,Eldoret,Snowy,Wet,Pedestrian,Fatigued,Medium,Fatal,3,2,4
2023-10-29,1445,Mombasa,Snowy,Dry,Bicycle,Distracted,High,Serious,5,7,3
2023-08-18,815,Mombasa,Foggy,Dry,Bicycle,Distracted,Medium,Minor,1,4,2
2023-02-20,544,Kericho,Snowy,Muddy,Bicycle,Fatigued,High,Serious,4,1,2
2023-06-21,1750,Mombasa,Foggy,Muddy,Bicycle,Normal,High,Minor,2,0,0
2023-09-16,1543,Nyeri,Rainy,Icy,Bicycle,Distracted,Low,Minor,4,2,1
2023-02-05,2126,Thika,Snowy,Wet,Bus,Drunk,Low,Minor,3,5,0
2023-10-05,2306,Nairobi,Foggy,Dry,Pedestrian,Distracted,Medium,Serious,5,10,2
2023-04-17,6,Thika,Foggy,Wet,Bicycle,Distracted,Medium,Serious,3,10,4
2023-11-19,1631,Kisumu,Stormy,Dry,Motorcycle,Normal,Medium,Minor,4,4,0
2023-12-17,2044,Kisumu,Foggy,Dry,Car,Normal,Medium,Serious,2,5,4
2023-04-15,248,Thika,Snowy,Wet,Truck,Fatigued,Low,Fatal,5,1,3
2023-06-10,1703,Mombasa,Foggy,Wet,Bus,Normal,Low,Serious,1,4,0
2023-11-19,754,Mombasa,Stormy,Muddy,Truck,Drunk,High,Fatal,1,1,4
2023-07-25,1416,Kisumu,Foggy,Wet,Bus,Fatigued,Low,Minor,1,6,1
2023-07-30,2212,Kisumu,Clear,Icy,Truck,Distracted,High,Minor,3,10,4
2023-09-22,1440,Thika,Clear,Muddy,Bicycle,Normal,Medium,Minor,1,6,4
2023-11-28,624,Thika,Stormy,Dry,Truck,Drunk,Medium,Serious,5,9,4
2023-07-04,1245,Nakuru,Foggy,Muddy,Bicycle,Normal,Medium,Serious,3,9,3
2023-05-12,20,Mombasa,Clear,Dry,Truck,Fatigued,Medium,Fatal,1,7,5
2023-07-18,437,Meru,Foggy,Dry,Bus,Distracted,Low,Fatal,2,5,5
2023-04-07,2030,Kisumu,Clear,Wet,Bus,Normal,Low,Fatal,4,6,3
2023-06-16,1315,Eldoret,Snowy,Icy,Pedestrian,Drunk,High,Fatal,1,3,2
2023-06-13,1547,Nakuru,Stormy,Muddy,Pedestrian,Fatigued,Low,Fatal,5,3,1
2023-12-15,1101,Meru,Clear,Dry,Motorcycle,Drunk,Low,Fatal,1,4,5
2023-06-30,420,Kisumu,Stormy,Icy,Bus,Drunk,Low,Minor,3,9,0
2023-05-13,2005,Meru,Foggy,Dry,Truck,Drunk,Medium,Serious,5,6,3
2023-12-18,2255,Kericho,Foggy,Wet,Motorcycle,Distracted,High,Serious,2,3,2
2023-08-04,257,Eldoret,Rainy,Icy,Bus,Fatigued,Low,Serious,4,0,0
2023-10-06,1033,Kisumu,Stormy,Dry,Pedestrian,Distracted,High,Minor,4,0,1
2023-03-27,1120,Eldoret,Rainy,Icy,Bus,Normal,High,Minor,3,1,1
2023-07-28,1312,Nairobi,Rainy,Icy,Car,Drunk,Low,Minor,1,3,1
2023-06-23,140,Nakuru,Stormy,Dry,Pedestrian,Drunk,High,Minor,1,1,5
2023-11-26,136,Meru,Snowy,Dry,Motorcycle,Fatigued,High,Minor,1,2,2
2023-04-09,1021,Thika,Rainy,Wet,Car,Distracted,Medium,Fatal,4,9,4
2023-01-03,1859,Eldoret,Clear,Icy,Motorcycle,Distracted,Medium,Serious,5,9,2
2023-12-13,143,Nakuru,Rainy,Muddy,Bus,Fatigued,Low,Minor,5,7,5
2023-07-05,1716,Nairobi,Stormy,Wet,Bicycle,Normal,High,Serious,1,5,4
2023-07-23,237,Kisumu,Rainy,Icy,Car,Distracted,Medium,Minor,1,1,4
2023-01-30,1119,Machakos,Snowy,Dry,Truck,Drunk,Low,Minor,2,6,5
2023-07-06,758,Kericho,Clear,Icy,Pedestrian,Normal,Low,Minor,4,7,4
2023-08-20,626,Nyeri,Stormy,Wet,Car,Fatigued,Medium,Serious,2,7,5
2023-04-20,1125,Mombasa,Stormy,Muddy,Motorcycle,Distracted,Low,Minor,2,8,5
2023-12-08,1323,Kericho,Rainy,Icy,Pedestrian,Drunk,Medium,Fatal,3,0,4
2023-11-22,2056,Nyeri,Foggy,Muddy,Bus,Normal,Medium,Fatal,4,9,5
2023-10-04,2212,Mombasa,Clear,Dry,Truck,Distracted,Medium,Minor,5,4,2
2023-04-05,340,Nyeri,Stormy,Wet,Pedestrian,Normal,High,Fatal,5,1,0
2023-10-02,206,Thika,Clear,Wet,Bus,Distracted,Medium,Minor,5,7,0
2023-04-14,556,Eldoret,Foggy,Dry,Truck,Normal,Medium,Fatal,2,6,1
2023-07-25,439,Meru,Foggy,Icy,Bus,Distracted,Medium,Fatal,3,5,5
2023-06-15,1540,Nakuru,Clear,Muddy,Pedestrian,Drunk,Medium,Fatal,1,0,3
2023-08-24,811,Nyeri,Stormy,Icy,Motorcycle,Fatigued,Medium,Minor,3,3,0
2023-02-26,2007,Thika,Rainy,Muddy,Truck,Drunk,Low,Minor,2,8,4
2023-11-25,2223,Nakuru,Clear,Muddy,Truck,Fatigued,Low,Serious,3,10,0
2023-05-01,1611,Mombasa,Foggy,Wet,Bus,Normal,Medium,Fatal,5,4,3
2023-04-30,1213,Thika,Clear,Muddy,Pedestrian,Distracted,Medium,Serious,4,6,0
2023-01-16,1326,Kericho,Clear,Wet,Pedestrian,Fatigued,Medium,Serious,2,5,1
2023-07-21,2316,Mombasa,Foggy,Icy,Bus,Distracted,Medium,Minor,4,8,1
2023-09-26,2335,Kericho,Rainy,Dry,Car,Normal,Low,Minor,5,9,1
2023-11-26,706,Machakos,Rainy,Wet,Motorcycle,Normal,Medium,Minor,2,9,3
2023-12-28,1358,Meru,Foggy,Dry,Pedestrian,Distracted,High,Minor,3,3,1
2023-12-27,1206,Kisumu,Clear,Dry,Car,Fatigued,High,Minor,3,0,3
2023-12-16,825,Meru,Clear,Muddy,Truck,Distracted,Low,Minor,3,3,1
2023-10-24,1615,Kericho,Foggy,Dry,Car,Distracted,Low,Serious,3,6,0
2023-05-12,617,Meru,Clear,Dry,Pedestrian,Drunk,Low,Fatal,5,6,1
2023-12-13,1034,Kericho,Snowy,Dry,Bicycle,Distracted,Medium,Serious,1,1,5
2023-07-07,1720,Thika,Snowy,Icy,Truck,Normal,High,Fatal,3,7,1
2023-11-25,1133,Nairobi,Rainy,Icy,Truck,Normal,Low,Fatal,3,0,2
2023-11-01,2243,Kericho,Foggy,Dry,Bus,Drunk,Medium,Fatal,3,7,0
2023-12-03,1647,Nairobi,Foggy,Muddy,Pedestrian,Normal,Low,Serious,2,7,2
2023-02-05,638,Meru,Clear,Wet,Motorcycle,Fatigued,Medium,Fatal,4,3,1
2023-04-28,401,Eldoret,Rainy,Muddy,Bus,Normal,Medium,Fatal,4,7,3
2023-01-01,1727,Eldoret,Stormy,Dry,Truck,Distracted,High,Fatal,4,6,0
2023-08-06,323,Mombasa,Stormy,Icy,Bicycle,Distracted,Medium,Serious,4,6,3
2023-05-29,1105,Machakos,Snowy,Icy,Truck,Fatigued,Low,Serious,3,9,3
2023-07-14,451,Kericho,Foggy,Dry,Car,Fatigued,Low,Serious,5,10,5
2023-04-02,1314,Kisumu,Clear,Wet,Motorcycle,Distracted,Medium,Fatal,4,6,3
2023-11-22,1106,Kericho,Foggy,Dry,Pedestrian,Distracted,Low,Serious,3,9,0
2023-09-22,1021,Thika,Stormy,Wet,Bus,Distracted,Medium,Fatal,2,2,3
2023-01-05,131,Nyeri,Foggy,Wet,Bus,Drunk,Medium,Minor,2,2,4
2023-11-13,655,Nakuru,Clear,Wet,Motorcycle,Fatigued,High,Minor,4,10,2
2023-12-03,929,Thika,Clear,Wet,Bicycle,Normal,High,Minor,5,5,3
2023-02-17,1436,Mombasa,Rainy,Wet,Motorcycle,Distracted,Low,Minor,4,5,3
2023-07-19,720,Kericho,Snowy,Icy,Motorcycle,Normal,Low,Minor,1,7,0
2023-12-07,223,Nyeri,Rainy,Icy,Motorcycle,Distracted,High,Serious,5,10,3
2023-05-11,1330,Nairobi,Rainy,Icy,Car,Drunk,Medium,Serious,2,7,3
2023-01-13,214,Meru,Foggy,Wet,Motorcycle,Normal,High,Fatal,5,4,2
2023-03-15,2106,Nairobi,Stormy,Dry,Bus,Distracted,High,Minor,5,7,0
2023-06-10,1723,Kisumu,Stormy,Dry,Car,Drunk,High,Serious,2,8,4
2023-09-30,537,Nairobi,Rainy,Wet,Pedestrian,Distracted,Medium,Minor,3,2,3
2023-07-25,1025,Nakuru,Clear,Muddy,Bus,Normal,Medium,Fatal,3,7,2
2023-06-06,1748,Kericho,Rainy,Icy,Truck,Fatigued,Medium,Minor,5,9,5
2023-03-16,947,Meru,Snowy,Dry,Truck,Fatigued,Medium,Serious,3,8,1
2023-04-05,1407,Machakos,Snowy,Icy,Bicycle,Normal,High,Fatal,2,6,0
2023-03-29,1044,Machakos,Rainy,Dry,Truck,Drunk,High,Fatal,3,8,5
2023-12-06,1605,Thika,Rainy,Muddy,Bus,Fatigued,Low,Fatal,3,2,2
2023-01-31,655,Machakos,Foggy,Wet,Bus,Drunk,High,Serious,2,10,3
2023-08-11,1150,Nyeri,Foggy,Icy,Motorcycle,Drunk,High,Serious,3,5,1
2023-07-06,809,Nakuru,Stormy,Wet,Bus,Distracted,Medium,Fatal,4,0,0
2023-08-20,1007,Kisumu,Clear,Dry,Motorcycle,Fatigued,Low,Fatal,5,4,1
2023-11-28,645,Meru,Clear,Muddy,Pedestrian,Normal,High,Minor,1,2,1
2023-12-28,942,Nairobi,Rainy,Dry,Bicycle,Drunk,Medium,Minor,1,10,3
2023-09-28,132,Nairobi,Snowy,Icy,Pedestrian,Normal,Low,Fatal,4,3,0
2023-09-01,655,Eldoret,Snowy,Wet,Motorcycle,Drunk,High,Fatal,3,3,2
2023-01-19,536,Kericho,Clear,Dry,Car,Distracted,Low,Serious,3,4,4
2023-12-22,1731,Eldoret,Snowy,Muddy,Bus,Fatigued,High,Serious,3,9,2
2023-06-25,804,Kericho,Clear,Wet,Bicycle,Drunk,High,Fatal,2,9,5
2023-04-03,1350,Nakuru,Clear,Wet,Bus,Fatigued,High,Minor,3,0,5
2023-07-22,825,Meru,Stormy,Dry,Car,Fatigued,High,Fatal,2,0,3
2023-11-03,1758,Kericho,Stormy,Muddy,Motorcycle,Normal,High,Minor,4,10,0
2023-06-13,14,Eldoret,Snowy,Dry,Bus,Fatigued,Low,Fatal,5,7,1
2023-06-16,1203,Machakos,Foggy,Wet,Pedestrian,Distracted,High,Minor,2,8,2
2023-11-15,454,Nakuru,Stormy,Wet,Bus,Drunk,Low,Minor,3,7,5
2023-08-24,529,Eldoret,Clear,Muddy,Pedestrian,Drunk,Low,Serious,1,6,4
2023-11-11,557,Kisumu,Rainy,Icy,Bus,Fatigued,Medium,Fatal,2,5,2
2023-12-29,1852,Meru,Rainy,Wet,Bus,Drunk,Low,Serious,4,3,2
2023-05-17,1027,Eldoret,Stormy,Icy,Car,Distracted,Medium,Minor,1,10,1
2023-08-06,926,Machakos,Clear,Icy,Pedestrian,Normal,Low,Minor,1,6,3
2023-03-15,1538,Nakuru,Foggy,Dry,Pedestrian,Distracted,High,Minor,5,4,5
2023-06-18,353,Nairobi,Foggy,Dry,Motorcycle,Normal,Low,Minor,5,10,2
2023-11-02,1210,Nairobi,Foggy,Muddy,Truck,Normal,Medium,Fatal,4,6,3
2023-09-07,1700,Meru,Rainy,Muddy,Motorcycle,Drunk,Medium,Minor,2,3,1
2023-12-13,2057,Eldoret,Clear,Wet,Car,Distracted,Low,Minor,5,1,0
2023-12-03,2349,Mombasa,Rainy,Icy,Bus,Distracted,Medium,Minor,5,2,4
2023-11-18,150,Kericho,Foggy,Muddy,Pedestrian,Drunk,High,Serious,2,0,2
2023-04-04,1457,Nyeri,Foggy,Wet,Car,Fatigued,High,Minor,5,3,3
2023-11-30,1623,Nakuru,Clear,Muddy,Truck,Drunk,Medium,Minor,5,0,3
2023-10-15,342,Nyeri,Snowy,Icy,Truck,Drunk,Low,Minor,2,3,0
2023-07-20,529,Kericho,Clear,Wet,Motorcycle,Drunk,Medium,Minor,3,9,1
2023-04-01,145,Eldoret,Snowy,Dry,Bicycle,Distracted,Low,Fatal,1,7,0
2023-01-13,1002,Nakuru,Rainy,Muddy,Bus,Drunk,Low,Minor,2,1,0
2023-09-27,1147,Thika,Rainy,Dry,Pedestrian,Normal,Low,Fatal,1,8,3
2023-12-23,1453,Machakos,Foggy,Muddy,Bus,Drunk,High,Serious,4,3,0
2023-08-22,2249,Meru,Snowy,Muddy,Motorcycle,Fatigued,Medium,Minor,5,4,3
2023-04-11,2233,Nakuru,Snowy,Muddy,Pedestrian,Fatigued,Low,Serious,2,8,2
2023-03-10,1620,Thika,Rainy,Dry,Bus,Normal,High,Fatal,3,3,4
2023-04-24,1653,Nairobi,Snowy,Wet,Car,Normal,Low,Fatal,5,0,2
2023-08-16,2331,Kisumu,Stormy,Muddy,Pedestrian,Distracted,Low,Serious,1,4,5
2023-12-20,1303,Nyeri,Foggy,Wet,Motorcycle,Distracted,Medium,Serious,5,10,5
2023-02-09,402,Meru,Clear,Muddy,Motorcycle,Fatigued,Low,Fatal,3,1,5
2023-06-11,1218,Thika,Clear,Muddy,Truck,Normal,Medium,Minor,4,8,1
2023-01-18,1022,Machakos,Stormy,Wet,Car,Drunk,Medium,Minor,5,10,4
2023-05-04,1102,Meru,Clear,Muddy,Motorcycle,Drunk,Low,Minor,3,1,0
2023-05-18,619,Mombasa,Snowy,Wet,Motorcycle,Drunk,Medium,Fatal,5,6,5
2023-06-24,413,Nairobi,Foggy,Dry,Car,Drunk,Low,Fatal,3,6,1
2023-06-14,1559,Nyeri,Snowy,Wet,Bus,Normal,Medium,Fatal,3,2,3
2023-07-03,411,Machakos,Foggy,Icy,Pedestrian,Normal,Medium,Minor,5,7,5
2023-11-26,2322,Nyeri,Rainy,Wet,Motorcycle,Distracted,High,Minor,5,4,3
2023-09-10,1134,Thika,Clear,Icy,Bus,Normal,Low,Serious,4,3,5
2023-11-29,542,Nairobi,Snowy,Muddy,Pedestrian,Distracted,Low,Minor,2,4,4
2023-03-25,1838,Eldoret,Clear,Muddy,Bus,Fatigued,Low,Minor,2,1,2
2023-03-28,658,Nyeri,Stormy,Icy,Bus,Normal,Low,Serious,4,6,2
2023-08-12,339,Kericho,Clear,Dry,Truck,Normal,Medium,Minor,4,3,4
2023-12-20,155,Kericho,Snowy,Dry,Bicycle,Distracted,Medium,Fatal,5,9,1
2023-09-12,744,Eldoret,Clear,Dry,Car,Drunk,Low,Minor,5,5,1
2023-10-20,1720,Mombasa,Snowy,Wet,Truck,Distracted,Medium,Serious,1,2,5
2023-02-25,1845,Thika,Rainy,Dry,Motorcycle,Drunk,Medium,Serious,4,5,3
2023-06-04,2145,Eldoret,Snowy,Icy,Bicycle,Fatigued,Medium,Minor,2,5,0
2023-04-08,717,Nakuru,Stormy,Muddy,Car,Drunk,Medium,Fatal,4,5,0
2023-11-19,1921,Meru,Stormy,Wet,Bicycle,Drunk,High,Serious,2,5,4
2023-08-23,2214,Meru,Foggy,Icy,Truck,Normal,High,Fatal,4,7,4
2023-05-08,53,Kericho,Foggy,Icy,Car,Drunk,Medium,Minor,2,9,4
2023-08-04,1702,Kisumu,Clear,Icy,Bicycle,Normal,Low,Minor,5,6,3
2023-06-14,818,Machakos,Stormy,Icy,Car,Drunk,High,Serious,3,2,5
2023-09-18,550,Machakos,Snowy,Icy,Truck,Fatigued,Medium,Minor,2,1,4
2023-12-12,2051,Nyeri,Foggy,Wet,Truck,Normal,Low,Serious,5,5,5
2023-09-24,537,Nairobi,Foggy,Dry,Bicycle,Fatigued,Medium,Minor,3,5,1
2023-08-05,1117,Kericho,Clear,Dry,Truck,Normal,Low,Serious,4,6,1
2023-12-26,1150,Machakos,Rainy,Icy,Pedestrian,Fatigued,Medium,Serious,3,9,0
2023-07-04,1112,Kericho,Stormy,Icy,Truck,Fatigued,Medium,Serious,5,3,2
2023-11-09,300,Nakuru,Clear,Dry,Pedestrian,Normal,Low,Serious,1,6,2
2023-11-03,2300,Thika,Clear,Wet,Bicycle,Drunk,High,Minor,2,3,5
2023-10-10,2131,Mombasa,Snowy,Wet,Bicycle,Normal,Medium,Fatal,2,4,2
2023-11-10,226,Meru,Snowy,Icy,Bicycle,Fatigued,Medium,Fatal,1,3,5
2023-10-15,1027,Nairobi,Clear,Dry,Motorcycle,Distracted,Medium,Fatal,4,3,3
2023-11-28,2234,Eldoret,Clear,Dry,Truck,Distracted,Low,Serious,5,3,3
2023-05-04,1615,Mombasa,Clear,Dry,Bus,Normal,High,Serious,1,5,3
2023-09-18,918,Thika,Stormy,Icy,Car,Distracted,High,Fatal,3,0,0
2023-08-13,2200,Mombasa,Foggy,Dry,Motorcycle,Distracted,Medium,Serious,1,4,0
2023-03-10,2116,Thika,Stormy,Icy,Truck,Drunk,High,Serious,5,10,3
2023-03-30,533,Nairobi,Snowy,Muddy,Bicycle,Distracted,High,Minor,5,7,5
2023-09-14,1221,Machakos,Rainy,Wet,Car,Normal,Medium,Serious,1,9,2
2023-02-06,825,Nyeri,Clear,Icy,Truck,Drunk,High,Serious,2,0,5
2023-08-30,519,Nakuru,Snowy,Icy,Car,Fatigued,High,Fatal,3,10,2
2023-11-20,1904,Kericho,Foggy,Dry,Bus,Distracted,Low,Fatal,1,4,5
2023-10-10,1435,Meru,Foggy,Dry,Bicycle,Drunk,High,Serious,2,7,4
2023-07-18,736,Eldoret,Stormy,Muddy,Pedestrian,Fatigued,Low,Minor,5,3,1
2023-03-08,411,Eldoret,Clear,Dry,Truck,Fatigued,High,Serious,4,0,2
2023-05-25,1703,Nairobi,Stormy,Wet,Bus,Fatigued,High,Fatal,2,3,2
2023-09-23,1957,Kisumu,Snowy,Icy,Truck,Fatigued,Medium,Minor,5,3,0
2023-01-13,1013,Thika,Foggy,Icy,Bicycle,Distracted,High,Minor,1,2,4
2023-11-19,1744,Nyeri,Rainy,Dry,Car,Normal,Medium,Serious,5,7,0
2023-05-04,39,Nairobi,Stormy,Wet,Car,Distracted,Medium,Fatal,2,8,0
2023-01-12,1157,Nairobi,Snowy,Dry,Bus,Normal,Medium,Minor,5,5,5
2023-10-30,1514,Machakos,Stormy,Icy,Car,Fatigued,Low,Minor,3,10,1
2023-08-13,210,Nakuru,Foggy,Icy,Bus,Fatigued,High,Serious,4,10,3
2023-12-21,1635,Nairobi,Foggy,Icy,Pedestrian,Fatigued,Low,Serious,1,3,5
2023-05-08,1450,Nyeri,Snowy,Wet,Bicycle,Distracted,Low,Fatal,2,9,2
2023-09-03,832,Nakuru,Rainy,Muddy,Truck,Normal,High,Minor,4,0,2
2023-02-14,1219,Nairobi,Clear,Icy,Bus,Fatigued,High,Minor,3,10,4
2023-02-21,256,Eldoret,Clear,Muddy,Truck,Fatigued,High,Serious,1,3,1
2023-11-05,238,Nairobi,Rainy,Dry,Pedestrian,Fatigued,Medium,Minor,3,2,1
2023-07-30,600,Eldoret,Clear,Muddy,Bicycle,Drunk,Medium,Fatal,4,3,0
2023-05-01,2216,Nairobi,Stormy,Muddy,Bus,Fatigued,High,Serious,3,8,2
2023-12-04,2053,Eldoret,Snowy,Icy,Motorcycle,Fatigued,Medium,Minor,2,5,1
2023-01-26,2329,Meru,Clear,Dry,Bus,Normal,Low,Fatal,4,3,4
2023-08-23,343,Kisumu,Clear,Wet,Bicycle,Distracted,Low,Minor,3,8,4
2023-06-05,2146,Nairobi,Foggy,Wet,Motorcycle,Drunk,High,Serious,5,7,5
2023-03-30,408,Nakuru,Snowy,Icy,Bicycle,Drunk,High,Fatal,3,8,3
2023-08-18,853,Kisumu,Stormy,Dry,Pedestrian,Drunk,Low,Serious,3,3,3
2023-08-28,1131,Nyeri,Clear,Dry,Pedestrian,Normal,High,Fatal,4,4,5
2023-06-02,521,Mombasa,Stormy,Dry,Bicycle,Distracted,High,Fatal,2,2,0
2023-04-30,1558,Mombasa,Rainy,Wet,Bicycle,Normal,High,Minor,5,4,1
2023-02-23,1136,Meru,Foggy,Icy,Truck,Normal,Medium,Fatal,5,7,4
2023-05-09,1735,Machakos,Rainy,Muddy,Bus,Drunk,Low,Serious,3,10,0
2023-11-08,38,Eldoret,Foggy,Icy,Car,Distracted,Low,Serious,3,7,3
2023-07-10,1902,Nairobi,Foggy,Icy,Motorcycle,Fatigued,Medium,Serious,5,9,3
2023-11-26,508,Kericho,Rainy,Muddy,Bus,Drunk,Medium,Fatal,4,10,1
2023-04-06,1722,Machakos,Snowy,Wet,Bus,Normal,Medium,Serious,3,1,1
2023-05-04,1209,Mombasa,Clear,Muddy,Motorcycle,Fatigued,Medium,Serious,4,10,4
2023-10-09,12,Mombasa,Rainy,Muddy,Car,Drunk,High,Minor,5,4,3
2023-01-08,2000,Nyeri,Foggy,Wet,Motorcycle,Normal,Medium,Fatal,5,10,3
2023-06-21,128,Meru,Snowy,Wet,Pedestrian,Distracted,Medium,Serious,2,3,3
2023-10-31,1250,Meru,Stormy,Dry,Motorcycle,Drunk,High,Fatal,4,5,4
2023-05-19,55,Nairobi,Snowy,Muddy,Bicycle,Drunk,Medium,Serious,5,3,1
2023-03-26,1821,Nakuru,Clear,Dry,Motorcycle,Distracted,Low,Serious,5,0,3
2023-12-13,1933,Meru,Clear,Icy,Bicycle,Fatigued,Medium,Minor,1,0,2
2023-09-10,748,Kericho,Snowy,Wet,Bicycle,Distracted,High,Fatal,2,9,4
2023-03-19,951,Meru,Snowy,Icy,Bus,Drunk,Medium,Serious,1,1,5
2023-03-08,442,Eldoret,Stormy,Muddy,Pedestrian,Normal,Low,Fatal,4,6,5
2023-12-10,1924,Eldoret,Rainy,Wet,Motorcycle,Fatigued,Low,Fatal,1,2,4
2023-03-20,1629,Nyeri,Snowy,Icy,Motorcycle,Normal,Medium,Minor,1,2,5
2023-02-23,458,Machakos,Rainy,Wet,Bus,Drunk,Low,Serious,3,10,4
2023-10-07,622,Thika,Rainy,Dry,Bus,Fatigued,High,Fatal,4,5,3
2023-12-22,417,Mombasa,Foggy,Wet,Bicycle,Distracted,Low,Serious,1,1,1
2023-08-16,1357,Nairobi,Stormy,Icy,Bus,Distracted,Medium,Minor,3,10,5
2023-06-03,2016,Thika,Snowy,Muddy,Motorcycle,Fatigued,High,Fatal,4,4,1
2023-11-19,323,Nairobi,Clear,Muddy,Car,Distracted,Medium,Fatal,5,8,2
2023-04-06,1558,Kericho,Snowy,Muddy,Motorcycle,Distracted,Medium,Serious,5,6,1
2023-06-28,950,Thika,Snowy,Dry,Car,Normal,High,Fatal,1,8,1
2023-02-12,2137,Nyeri,Clear,Dry,Motorcycle,Distracted,High,Fatal,2,4,2
2023-12-12,1250,Nairobi,Snowy,Dry,Bicycle,Fatigued,Low,Minor,3,1,5
2023-02-02,914,Kericho,Snowy,Dry,Pedestrian,Drunk,Low,Serious,4,7,2
2023-05-28,1008,Meru,Clear,Icy,Bus,Drunk,Medium,Fatal,2,9,0
2023-12-27,724,Kisumu,Stormy,Dry,Car,Normal,Low,Fatal,5,0,0
2023-01-17,359,Eldoret,Foggy,Muddy,Truck,Drunk,High,Minor,1,0,0
2023-05-08,1222,Machakos,Stormy,Icy,Car,Normal,Medium,Minor,2,0,2
2023-05-04,1554,Thika,Foggy,Muddy,Bicycle,Distracted,Medium,Serious,4,3,5
2023-11-20,1126,Kericho,Snowy,Icy,Motorcycle,Distracted,Medium,Serious,5,6,0
2023-06-05,2226,Kericho,Snowy,Muddy,Truck,Distracted,Low,Minor,4,2,5
2023-07-07,1021,Kericho,Stormy,Dry,Bus,Distracted,Medium,Minor,4,0,0
2023-07-26,1358,Nyeri,Stormy,Dry,Car,Distracted,Low,Minor,5,3,0
2023-11-10,1419,Nakuru,Rainy,Wet,Truck,Fatigued,Low,Fatal,1,9,0
2023-09-30,855,Nairobi,Snowy,Wet,Bicycle,Fatigued,Low,Minor,3,5,0
2023-02-07,2017,Nakuru,Foggy,Muddy,Truck,Fatigued,High,Serious,5,7,3
2023-06-17,955,Thika,Stormy,Icy,Bus,Fatigued,Medium,Minor,2,8,0
2023-01-18,53,Machakos,Rainy,Dry,Pedestrian,Normal,Medium,Fatal,4,2,3
2023-02-08,2341,Nyeri,Snowy,Wet,Car,Distracted,Low,Minor,1,2,5
2023-12-18,1622,Machakos,Rainy,Icy,Pedestrian,Drunk,High,Serious,5,10,1
2023-07-01,722,Thika,Clear,Icy,Bus,Fatigued,Medium,Minor,5,10,5
2023-09-28,1313,Nyeri,Rainy,Icy,Bicycle,Drunk,Medium,Minor,5,6,0
2023-10-21,1647,Meru,Rainy,Dry,Motorcycle,Drunk,High,Minor,2,10,2
2023-07-11,922,Thika,Foggy,Icy,Car,Distracted,Low,Fatal,2,4,5
2023-05-15,355,Kericho,Clear,Muddy,Car,Distracted,Medium,Minor,1,4,0
2023-06-26,450,Machakos,Clear,Wet,Motorcycle,Drunk,Medium,Fatal,2,3,1
2023-08-04,427,Machakos,Stormy,Icy,Pedestrian,Normal,High,Fatal,2,5,4
2023-06-02,1842,Meru,Rainy,Dry,Truck,Distracted,Medium,Fatal,3,4,3
2023-12-25,1423,Nakuru,Snowy,Wet,Bus,Drunk,Low,Serious,1,3,0
2023-09-26,125,Eldoret,Stormy,Muddy,Truck,Distracted,High,Serious,5,8,2
2023-06-12,922,Machakos,Rainy,Wet,Bicycle,Drunk,Low,Minor,1,7,5
2023-08-27,840,Eldoret,Clear,Wet,Motorcycle,Distracted,Low,Minor,2,4,3
2023-05-22,1446,Meru,Clear,Wet,Motorcycle,Drunk,Low,Serious,2,1,5
2023-11-01,1421,Nyeri,Clear,Icy,Motorcycle,Drunk,High,Fatal,4,0,0
2023-01-16,1307,Mombasa,Stormy,Icy,Truck,Distracted,High,Minor,3,8,3
2023-12-15,616,Mombasa,Rainy,Icy,Car,Normal,High,Serious,4,10,3
2023-08-02,2153,Thika,Rainy,Icy,Bus,Drunk,High,Serious,3,4,4
2023-03-26,635,Thika,Rainy,Icy,Car,Distracted,Medium,Minor,4,10,1
2023-03-03,551,Thika,Rainy,Dry,Car,Drunk,High,Fatal,2,9,1
2023-11-16,254,Nakuru,Rainy,Icy,Motorcycle,Fatigued,High,Fatal,1,1,2
2023-12-03,1838,Nakuru,Rainy,Muddy,Bus,Drunk,Medium,Minor,5,8,5
2023-07-20,1731,Meru,Foggy,Muddy,Bus,Fatigued,Low,Fatal,5,10,3
2023-12-26,1231,Eldoret,Clear,Wet,Bicycle,Fatigued,Low,Minor,5,2,3
2023-03-28,1133,Kisumu,Snowy,Icy,Motorcycle,Distracted,Medium,Minor,5,3,3
2023-05-09,1132,Mombasa,Foggy,Dry,Car,Drunk,High,Minor,5,3,3
2023-02-26,1415,Kisumu,Stormy,Wet,Truck,Fatigued,Medium,Fatal,2,8,5
2023-11-05,1047,Nakuru,Snowy,Wet,Pedestrian,Normal,Low,Minor,5,7,3
2023-11-08,416,Nairobi,Rainy,Wet,Bus,Drunk,High,Fatal,1,3,5
2023-01-27,253,Nakuru,Stormy,Muddy,Motorcycle,Drunk,Low,Fatal,2,10,4
2023-03-11,101,Nyeri,Foggy,Wet,Truck,Drunk,Low,Serious,4,9,5
2023-08-16,110,Kisumu,Foggy,Muddy,Truck,Normal,High,Fatal,5,8,3
2023-01-29,2256,Nakuru,Clear,Dry,Truck,Distracted,Low,Minor,5,5,5
2023-06-18,625,Kisumu,Foggy,Muddy,Truck,Normal,Low,Serious,2,0,2
2023-12-27,1622,Thika,Stormy,Icy,Bus,Normal,High,Fatal,1,8,4
2023-10-28,110,Nyeri,Foggy,Icy,Bus,Fatigued,Low,Serious,5,8,0
2023-01-28,1345,Meru,Foggy,Muddy,Pedestrian,Normal,Medium,Fatal,4,7,4
2023-04-23,339,Kericho,Rainy,Wet,Car,Distracted,Low,Minor,2,7,3
2023-01-04,2023,Eldoret,Stormy,Muddy,Pedestrian,Distracted,High,Serious,4,1,3
2023-06-05,406,Kisumu,Rainy,Wet,Truck,Fatigued,Low,Fatal,3,10,3
2023-08-15,442,Nakuru,Stormy,Icy,Truck,Drunk,High,Fatal,1,8,0
2023-01-01,1408,Nakuru,Rainy,Wet,Truck,Distracted,Medium,Fatal,5,0,1
2023-02-23,1732,Nakuru,Snowy,Wet,Bicycle,Distracted,High,Minor,1,10,0
2023-05-11,2152,Mombasa,Stormy,Muddy,Truck,Fatigued,Medium,Fatal,4,8,1
2023-07-28,1827,Eldoret,Foggy,Icy,Truck,Distracted,Low,Serious,4,6,0
2023-06-20,1004,Eldoret,Foggy,Icy,Bus,Drunk,High,Serious,3,2,5
2023-04-05,1424,Meru,Clear,Wet,Pedestrian,Fatigued,Medium,Serious,2,1,2
2023-11-12,1840,Kisumu,Rainy,Wet,Bicycle,Drunk,Low,Fatal,3,2,4
2023-09-13,400,Kisumu,Rainy,Icy,Motorcycle,Drunk,Low,Minor,5,8,0
2023-08-31,740,Thika,Foggy,Wet,Bicycle,Normal,Low,Serious,2,8,3
2023-04-06,2235,Nairobi,Foggy,Icy,Car,Distracted,Medium,Fatal,5,5,0
2023-05-15,1636,Nyeri,Clear,Dry,Car,Distracted,Medium,Minor,3,8,5
2023-06-18,1607,Nyeri,Rainy,Muddy,Bicycle,Distracted,High,Fatal,5,9,5
2023-04-09,1423,Meru,Snowy,Icy,Truck,Normal,Medium,Fatal,1,8,3
2023-06-24,216,Thika,Rainy,Dry,Pedestrian,Fatigued,High,Serious,3,1,3
2023-09-26,650,Nakuru,Clear,Dry,Truck,Drunk,Medium,Minor,5,3,5
2023-04-14,336,Kericho,Snowy,Wet,Motorcycle,Distracted,Low,Fatal,4,2,3
2023-10-26,1649,Nakuru,Snowy,Wet,Pedestrian,Drunk,Low,Minor,3,7,4
2023-05-09,320,Mombasa,Foggy,Muddy,Truck,Distracted,Medium,Minor,1,5,1
2023-10-23,1234,Eldoret,Foggy,Dry,Bus,Drunk,Low,Fatal,1,8,5
2023-01-25,323,Machakos,Foggy,Wet,Bicycle,Drunk,Medium,Serious,1,4,5
2023-03-15,1616,Kericho,Snowy,Dry,Car,Distracted,Medium,Fatal,1,5,2
2023-06-25,2234,Thika,Snowy,Dry,Car,Drunk,High,Minor,5,10,2
2023-04-17,107,Eldoret,Clear,Muddy,Truck,Drunk,Medium,Fatal,5,1,4
2023-09-19,26,Kericho,Foggy,Muddy,Motorcycle,Normal,Medium,Minor,3,10,5
2023-11-28,2336,Eldoret,Stormy,Dry,Car,Distracted,High,Serious,3,6,1
2023-07-25,1939,Kisumu,Snowy,Icy,Car,Drunk,Medium,Minor,4,6,4
2023-05-04,2151,Kericho,Snowy,Muddy,Pedestrian,Fatigued,Medium,Fatal,3,7,0
2023-04-09,257,Meru,Snowy,Icy,Pedestrian,Drunk,Medium,Minor,5,0,1
2023-08-01,1932,Nakuru,Rainy,Wet,Truck,Distracted,Low,Minor,1,6,0
2023-03-17,614,Machakos,Snowy,Dry,Pedestrian,Normal,High,Minor,2,2,2
2023-02-26,402,Thika,Foggy,Dry,Bicycle,Drunk,Medium,Minor,5,3,4
2023-09-04,926,Nairobi,Stormy,Muddy,Bus,Normal,Medium,Fatal,4,2,1
2023-10-10,651,Nyeri,Foggy,Wet,Bus,Fatigued,High,Minor,1,10,5
2023-09-29,2138,Kericho,Clear,Wet,Bus,Drunk,Low,Serious,4,7,3
2023-09-09,1259,Eldoret,Snowy,Muddy,Bicycle,Normal,Medium,Serious,1,3,5
2023-02-15,1438,Machakos,Rainy,Wet,Truck,Normal,High,Minor,3,0,3
2023-01-29,1348,Kisumu,Snowy,Muddy,Car,Drunk,High,Minor,5,7,5
2023-06-29,1430,Nairobi,Stormy,Icy,Truck,Fatigued,Medium,Fatal,3,8,0
2023-02-26,129,Eldoret,Snowy,Wet,Motorcycle,Distracted,Medium,Fatal,5,5,2
2023-11-15,1143,Meru,Rainy,Icy,Car,Distracted,Low,Serious,2,5,2
2023-03-11,804,Kericho,Stormy,Dry,Car,Distracted,Low,Minor,3,1,0
2023-09-12,808,Machakos,Foggy,Icy,Bicycle,Drunk,Medium,Fatal,2,0,2
2023-07-29,839,Machakos,Clear,Muddy,Car,Drunk,Medium,Fatal,3,7,0
2023-05-29,225,Nyeri,Foggy,Muddy,Pedestrian,Fatigued,High,Fatal,4,0,4
2023-02-19,923,Nyeri,Stormy,Wet,Truck,Fatigued,Medium,Fatal,2,4,5
2023-09-06,1933,Kisumu,Stormy,Dry,Motorcycle,Drunk,High,Serious,1,2,2
2023-02-23,2320,Eldoret,Stormy,Muddy,Motorcycle,Normal,High,Serious,1,4,3
2023-01-11,37,Mombasa,Snowy,Wet,Car,Drunk,Medium,Serious,3,4,0
2023-09-23,1834,Nyeri,Snowy,Icy,Bus,Distracted,High,Minor,2,6,1
2023-12-19,549,Kericho,Snowy,Wet,Car,Drunk,High,Minor,3,5,0
2023-04-07,1029,Machakos,Stormy,Wet,Bus,Normal,Low,Fatal,5,0,5
2023-05-17,153,Mombasa,Rainy,Dry,Bicycle,Normal,Low,Minor,4,9,3
2023-07-03,538,Machakos,Foggy,Icy,Motorcycle,Distracted,Medium,Serious,2,5,3
2023-02-22,2056,Nakuru,Snowy,Wet,Truck,Distracted,High,Minor,1,3,5
2023-05-25,1550,Machakos,Rainy,Muddy,Bus,Drunk,Low,Minor,5,9,0
2023-08-28,740,Kericho,Snowy,Icy,Bicycle,Normal,Medium,Minor,1,7,4
2023-10-11,1354,Thika,Snowy,Muddy,Car,Distracted,Low,Serious,5,10,2
2023-02-25,556,Thika,Rainy,Muddy,Bicycle,Distracted,Low,Fatal,4,10,5
2023-02-18,2115,Thika,Stormy,Dry,Pedestrian,Drunk,Low,Serious,2,8,0
2023-07-10,1611,Mombasa,Snowy,Muddy,Pedestrian,Fatigued,High,Minor,3,8,5
2023-09-27,1418,Thika,Clear,Icy,Truck,Distracted,Medium,Serious,1,10,1
2023-10-24,2121,Thika,Foggy,Dry,Car,Fatigued,Low,Serious,1,6,0
2023-10-17,1435,Nyeri,Snowy,Icy,Bus,Fatigued,Medium,Fatal,1,2,5
2023-05-04,1640,Nakuru,Rainy,Dry,Bus,Drunk,High,Serious,2,9,2
2023-10-02,2103,Nyeri,Clear,Wet,Truck,Normal,Medium,Minor,1,8,1
2023-02-05,802,Nakuru,Stormy,Icy,Bus,Drunk,Low,Minor,1,2,0
2023-04-28,2344,Kericho,Clear,Dry,Bicycle,Fatigued,High,Minor,5,5,5
2023-12-15,1323,Nyeri,Clear,Dry,Bus,Drunk,Low,Serious,4,7,1
2023-09-07,1446,Nakuru,Foggy,Muddy,Bicycle,Normal,High,Fatal,4,5,0
2023-03-05,1327,Meru,Stormy,Wet,Bus,Drunk,High,Fatal,1,4,4
2023-10-16,2334,Eldoret,Snowy,Wet,Motorcycle,Fatigued,Medium,Serious,3,9,2
2023-09-16,123,Kisumu,Clear,Icy,Pedestrian,Normal,Low,Minor,3,4,2
2023-08-26,2117,Eldoret,Rainy,Dry,Pedestrian,Drunk,Medium,Minor,4,4,0
2023-03-30,621,Nyeri,Clear,Icy,Bus,Distracted,High,Minor,1,7,0
2023-08-23,248,Machakos,Clear,Wet,Pedestrian,Distracted,High,Fatal,5,1,3
2023-09-07,910,Meru,Stormy,Muddy,Motorcycle,Drunk,Low,Serious,1,1,2
2023-09-28,1819,Eldoret,Foggy,Dry,Motorcycle,Normal,High,Fatal,2,4,2
2023-08-02,1838,Nyeri,Stormy,Wet,Motorcycle,Drunk,High,Fatal,3,1,1
2023-11-23,20,Kisumu,Snowy,Icy,Bicycle,Fatigued,High,Minor,5,9,5
2023-06-28,1232,Nairobi,Snowy,Icy,Bus,Drunk,Medium,Minor,5,1,2
2023-09-29,2032,Meru,Clear,Dry,Pedestrian,Distracted,High,Minor,4,10,5
2023-07-02,2329,Eldoret,Stormy,Dry,Bicycle,Fatigued,Medium,Serious,5,2,4
2023-02-01,8,Eldoret,Clear,Dry,Car,Normal,Medium,Serious,3,4,1
2023-05-03,1527,Thika,Snowy,Dry,Bicycle,Drunk,Medium,Minor,2,4,0
2023-10-26,1239,Kisumu,Snowy,Icy,Motorcycle,Drunk,Medium,Minor,5,10,3
2023-04-02,428,Nairobi,Clear,Muddy,Pedestrian,Fatigued,High,Fatal,1,8,1
2023-03-31,1736,Nakuru,Clear,Icy,Bus,Distracted,High,Minor,2,7,5
2023-05-13,1019,Nakuru,Rainy,Wet,Bicycle,Distracted,Medium,Minor,4,1,5
2023-08-22,1307,Nyeri,Snowy,Icy,Motorcycle,Normal,Low,Fatal,2,10,0
2023-10-14,950,Nairobi,Foggy,Muddy,Bicycle,Drunk,Low,Serious,4,5,2
2023-04-01,208,Machakos,Stormy,Wet,Bus,Distracted,Medium,Minor,2,2,3
2023-02-16,2228,Machakos,Foggy,Muddy,Car,Drunk,Medium,Serious,2,8,2
2023-06-27,1835,Nakuru,Clear,Wet,Truck,Distracted,Low,Fatal,5,1,1
2023-07-18,1950,Mombasa,Stormy,Icy,Truck,Fatigued,Low,Fatal,5,10,4
2023-03-17,804,Machakos,Clear,Dry,Motorcycle,Distracted,Medium,Serious,5,7,5
2023-10-12,351,Machakos,Snowy,Muddy,Truck,Normal,High,Minor,1,4,4
2023-03-21,1249,Nakuru,Stormy,Wet,Truck,Fatigued,High,Serious,5,2,0
2023-04-21,601,Nakuru,Rainy,Icy,Bus,Drunk,High,Serious,1,4,5
2023-03-30,1644,Thika,Rainy,Dry,Bicycle,Normal,Medium,Minor,2,4,3
2023-03-15,234,Nyeri,Foggy,Muddy,Truck,Normal,Low,Serious,1,8,3
2023-08-19,2046,Kericho,Rainy,Wet,Truck,Distracted,Medium,Minor,4,10,4
2023-10-27,2242,Meru,Stormy,Muddy,Truck,Normal,High,Minor,1,9,2
2023-09-08,1551,Nyeri,Stormy,Dry,Bus,Distracted,High,Fatal,4,6,1
2023-01-10,743,Kisumu,Snowy,Muddy,Bus,Normal,Medium,Minor,4,5,3
2023-12-09,1501,Kericho,Stormy,Muddy,Bus,Fatigued,High,Fatal,3,0,4
2023-07-08,111,Nakuru,Rainy,Dry,Truck,Distracted,Medium,Fatal,4,5,1
2023-03-07,1702,Meru,Stormy,Dry,Bicycle,Distracted,Medium,Serious,1,10,1
2023-03-19,1134,Kisumu,Snowy,Icy,Motorcycle,Drunk,Low,Fatal,5,4,5
2023-11-23,2358,Nyeri,Foggy,Icy,Pedestrian,Drunk,Medium,Serious,5,5,2
2023-05-05,2052,Mombasa,Foggy,Dry,Bicycle,Fatigued,High,Serious,4,0,3
2023-04-07,619,Nairobi,Stormy,Muddy,Bicycle,Distracted,Medium,Serious,3,6,5
2023-05-31,1059,Nyeri,Foggy,Muddy,Car,Normal,Medium,Minor,1,2,1
2023-07-09,1343,Eldoret,Rainy,Dry,Car,Distracted,Low,Serious,1,1,0
2023-03-09,852,Meru,Rainy,Muddy,Car,Normal,Low,Minor,1,9,3
2023-10-04,356,Eldoret,Stormy,Muddy,Motorcycle,Fatigued,Medium,Serious,4,7,0
2023-05-28,748,Meru,Rainy,Muddy,Bus,Fatigued,Medium,Fatal,5,7,3
2023-09-26,321,Nairobi,Clear,Wet,Bicycle,Distracted,Medium,Fatal,1,1,4
2023-10-03,1316,Mombasa,Rainy,Muddy,Car,Normal,High,Serious,2,0,4
2023-11-20,506,Nakuru,Rainy,Dry,Motorcycle,Drunk,Medium,Fatal,5,8,4
2023-05-20,2251,Thika,Rainy,Muddy,Bicycle,Drunk,Medium,Serious,5,5,4
2023-08-27,936,Nyeri,Stormy,Icy,Bicycle,Fatigued,Low,Minor,2,4,1
2023-05-26,642,Machakos,Rainy,Muddy,Truck,Fatigued,Medium,Fatal,1,5,1
2023-03-25,2050,Mombasa,Clear,Dry,Car,Fatigued,High,Minor,2,4,1
2023-01-05,2258,Meru,Clear,Muddy,Truck,Distracted,High,Serious,2,1,0
2023-12-25,2228,Machakos,Clear,Dry,Bicycle,Fatigued,Low,Fatal,3,3,1
2023-08-09,1634,Nairobi,Rainy,Wet,Truck,Drunk,Low,Minor,5,8,1
2023-01-21,1829,Kisumu,Clear,Wet,Motorcycle,Normal,Medium,Serious,2,3,2
2023-12-14,216,Nyeri,Snowy,Wet,Bus,Normal,Medium,Serious,1,7,5
2023-04-24,1413,Nyeri,Clear,Muddy,Car,Distracted,Low,Minor,3,5,0
2023-05-27,1237,Eldoret,Snowy,Dry,Bus,Fatigued,Low,Fatal,2,9,3
2023-04-26,2316,Nairobi,Stormy,Dry,Pedestrian,Drunk,High,Serious,2,7,4
2023-07-29,749,Thika,Foggy,Wet,Truck,Drunk,Low,Serious,1,3,3
2023-01-08,2116,Thika,Foggy,Dry,Bus,Drunk,High,Serious,3,7,5
2023-08-16,1857,Nairobi,Stormy,Icy,Motorcycle,Distracted,High,Serious,2,1,1
2023-03-11,106,Eldoret,Clear,Wet,Car,Normal,Medium,Serious,4,8,0
2023-12-08,317,Kericho,Rainy,Dry,Bicycle,Distracted,Low,Minor,4,8,5
2023-05-16,759,Machakos,Rainy,Dry,Bicycle,Fatigued,Medium,Minor,4,7,0
2023-10-05,1251,Machakos,Snowy,Muddy,Bus,Fatigued,Medium,Minor,1,2,2
2023-12-11,642,Nakuru,Stormy,Wet,Car,Fatigued,High,Serious,3,6,1
2023-02-25,1923,Kisumu,Stormy,Muddy,Motorcycle,Normal,High,Minor,5,0,3
2023-12-29,1235,Thika,Snowy,Wet,Motorcycle,Distracted,Medium,Serious,5,1,5
2023-01-04,714,Kericho,Rainy,Wet,Bus,Normal,Medium,Fatal,5,7,5
2023-04-28,2136,Nairobi,Snowy,Icy,Bus,Normal,Medium,Fatal,1,1,0
2023-03-11,1747,Thika,Clear,Wet,Bicycle,Normal,Medium,Fatal,2,2,1
2023-12-15,1227,Meru,Foggy,Wet,Bicycle,Normal,Medium,Serious,5,3,1
2023-08-22,2257,Kericho,Snowy,Muddy,Car,Drunk,Low,Serious,4,2,0
2023-02-28,1759,Nairobi,Foggy,Muddy,Bicycle,Distracted,Medium,Serious,2,8,0
2023-10-12,806,Thika,Snowy,Dry,Car,Fatigued,High,Serious,3,4,5
2023-02-20,2111,Eldoret,Stormy,Dry,Motorcycle,Drunk,High,Fatal,4,5,1
2023-06-29,2248,Nakuru,Rainy,Dry,Motorcycle,Drunk,High,Fatal,1,0,3
2023-12-17,1540,Nairobi,Rainy,Wet,Bicycle,Normal,High,Serious,3,9,2
2023-11-12,511,Nyeri,Foggy,Wet,Truck,Normal,Medium,Serious,1,1,2
2023-06-15,2247,Meru,Rainy,Muddy,Bicycle,Fatigued,Medium,Fatal,2,4,0
2023-04-19,1705,Nairobi,Stormy,Wet,Bicycle,Drunk,Low,Minor,2,1,3
2023-08-14,1132,Kericho,Snowy,Icy,Truck,Drunk,Low,Serious,3,1,3
2023-08-17,1912,Kisumu,Snowy,Muddy,Truck,Distracted,Medium,Serious,2,7,4
2023-04-09,1429,Eldoret,Stormy,Wet,Motorcycle,Drunk,High,Minor,2,6,0
2023-12-22,1827,Mombasa,Foggy,Dry,Motorcycle,Fatigued,Low,Minor,4,7,5
2023-07-02,2106,Meru,Rainy,Wet,Bicycle,Distracted,Medium,Serious,5,1,4
2023-11-29,8,Kisumu,Snowy,Icy,Car,Fatigued,Low,Serious,4,3,1
2023-03-19,255,Nairobi,Snowy,Dry,Truck,Distracted,Low,Minor,3,0,1
2023-10-09,1937,Kisumu,Clear,Dry,Bicycle,Drunk,Medium,Minor,2,10,0
2023-05-17,1515,Eldoret,Rainy,Icy,Motorcycle,Fatigued,High,Serious,4,2,4
2023-01-28,1107,Nyeri,Clear,Wet,Car,Normal,High,Serious,3,9,2
2023-02-10,907,Kisumu,Rainy,Wet,Car,Distracted,High,Fatal,1,2,5
2023-05-04,1750,Eldoret,Snowy,Icy,Car,Fatigued,High,Fatal,3,1,2
2023-07-16,1334,Machakos,Stormy,Icy,Truck,Fatigued,Medium,Fatal,4,1,1
2023-11-07,208,Nyeri,Snowy,Icy,Car,Distracted,High,Fatal,2,2,4
2023-04-01,2126,Kisumu,Rainy,Muddy,Bus,Fatigued,Medium,Fatal,5,9,5
2023-02-04,121,Kisumu,Rainy,Icy,Truck,Fatigued,High,Fatal,5,7,1
2023-11-13,1749,Thika,Rainy,Icy,Bicycle,Distracted,High,Fatal,5,1,3
2023-11-21,1904,Eldoret,Foggy,Icy,Bicycle,Normal,Medium,Minor,2,6,5
2023-11-20,1353,Machakos,Snowy,Wet,Bus,Fatigued,Medium,Fatal,3,3,0
2023-05-18,1057,Mombasa,Foggy,Icy,Truck,Distracted,Medium,Fatal,3,5,3
2023-08-18,1117,Nakuru,Foggy,Dry,Car,Fatigued,Medium,Minor,1,8,5
2023-09-16,2353,Nairobi,Rainy,Icy,Bicycle,Fatigued,Medium,Serious,5,5,3
2023-05-09,514,Kisumu,Rainy,Dry,Motorcycle,Distracted,High,Fatal,5,8,3
2023-12-12,1613,Eldoret,Snowy,Muddy,Truck,Normal,Medium,Fatal,1,1,4
2023-12-10,824,Kericho,Clear,Muddy,Truck,Distracted,Low,Serious,4,10,3
2023-08-05,26,Nyeri,Stormy,Wet,Motorcycle,Distracted,Low,Fatal,4,2,3
2023-01-07,1201,Kisumu,Foggy,Wet,Bus,Distracted,Medium,Serious,3,3,0
2023-02-15,2336,Meru,Snowy,Dry,Car,Distracted,Medium,Serious,3,0,2
2023-01-04,2309,Kisumu,Stormy,Icy,Car,Normal,Medium,Serious,5,3,1
2023-04-05,1228,Machakos,Rainy,Wet,Bicycle,Normal,Medium,Fatal,3,4,2
2023-12-24,1718,Mombasa,Foggy,Muddy,Motorcycle,Fatigued,Medium,Serious,5,0,1
2023-10-03,619,Nakuru,Clear,Dry,Motorcycle,Distracted,Low,Serious,5,5,1
2023-12-19,115,Kericho,Stormy,Wet,Car,Distracted,Medium,Minor,5,10,0
2023-07-23,140,Nairobi,Rainy,Wet,Motorcycle,Fatigued,Low,Serious,4,2,3
2023-03-26,930,Nairobi,Clear,Muddy,Bicycle,Normal,High,Fatal,1,9,2
2023-12-30,1208,Thika,Rainy,Icy,Bicycle,Distracted,Medium,Serious,3,6,3
2023-06-02,916,Kisumu,Rainy,Dry,Bus,Fatigued,High,Fatal,5,2,3
2023-12-01,1920,Nyeri,Rainy,Muddy,Bicycle,Fatigued,Medium,Fatal,3,9,3
2023-09-07,2318,Meru,Rainy,Wet,Bus,Fatigued,Medium,Fatal,5,1,5
2023-03-05,359,Machakos,Rainy,Muddy,Bus,Drunk,High,Fatal,4,9,0
2023-10-16,1624,Nairobi,Snowy,Wet,Motorcycle,Normal,Low,Serious,2,3,0
2023-05-07,1800,Nyeri,Snowy,Wet,Car,Distracted,Medium,Minor,1,9,1
2023-08-18,1439,Kisumu,Stormy,Wet,Bicycle,Normal,Medium,Serious,3,3,1
2023-07-22,2134,Nakuru,Clear,Icy,Pedestrian,Normal,Medium,Serious,5,3,4
2023-06-20,342,Machakos,Stormy,Muddy,Motorcycle,Fatigued,Medium,Fatal,3,4,1
2023-09-03,2249,Thika,Foggy,Muddy,Bus,Drunk,Medium,Minor,4,9,2
2023-03-14,2214,Kisumu,Clear,Muddy,Truck,Drunk,Medium,Serious,1,9,0
2023-07-31,57,Thika,Rainy,Wet,Motorcycle,Distracted,High,Fatal,4,6,0
2023-03-31,1808,Eldoret,Foggy,Wet,Motorcycle,Normal,Low,Fatal,4,6,3
2023-03-02,548,Thika,Stormy,Wet,Pedestrian,Distracted,Low,Minor,5,9,4
2023-01-14,1611,Machakos,Rainy,Wet,Pedestrian,Fatigued,Low,Minor,3,6,4
2023-06-19,1526,Meru,Stormy,Muddy,Car,Distracted,High,Serious,3,7,5
2023-04-05,448,Eldoret,Stormy,Muddy,Bus,Fatigued,Low,Fatal,3,7,4
2023-08-27,1614,Meru,Clear,Wet,Motorcycle,Normal,Medium,Fatal,5,1,3
2023-03-13,1645,Meru,Clear,Wet,Pedestrian,Normal,Low,Minor,4,3,3
2023-01-30,1931,Kisumu,Stormy,Icy,Pedestrian,Fatigued,High,Minor,2,6,5
2023-01-03,1350,Machakos,Rainy,Dry,Bicycle,Distracted,High,Minor,5,4,5
2023-08-02,852,Meru,Clear,Dry,Pedestrian,Drunk,Medium,Fatal,5,8,4
2023-08-19,1251,Mombasa,Snowy,Icy,Truck,Fatigued,Low,Fatal,5,5,4
2023-08-12,1743,Nakuru,Clear,Dry,Bus,Fatigued,Medium,Minor,5,4,1
2023-05-09,2111,Eldoret,Rainy,Muddy,Car,Fatigued,Medium,Fatal,4,1,4
2023-03-15,1238,Nairobi,Snowy,Wet,Bicycle,Distracted,Low,Fatal,5,1,0
2023-10-11,1158,Meru,Rainy,Wet,Motorcycle,Fatigued,High,Serious,2,9,2
2023-09-27,2321,Mombasa,Snowy,Icy,Motorcycle,Distracted,Low,Serious,5,7,3
2023-05-22,1512,Machakos,Rainy,Muddy,Car,Distracted,Low,Serious,4,7,1
2023-03-28,1252,Machakos,Rainy,Icy,Truck,Distracted,Low,Fatal,2,4,4
2023-04-22,629,Kericho,Rainy,Wet,Bus,Fatigued,Medium,Serious,2,10,0
2023-07-19,1905,Meru,Stormy,Icy,Truck,Normal,High,Minor,5,2,1
2023-07-06,1344,Kisumu,Stormy,Muddy,Motorcycle,Fatigued,High,Fatal,1,4,2
2023-09-11,922,Machakos,Rainy,Icy,Bus,Normal,Medium,Serious,5,4,1
2023-02-11,1705,Meru,Foggy,Dry,Bus,Fatigued,High,Minor,5,0,3
2023-04-18,1217,Thika,Snowy,Muddy,Motorcycle,Fatigued,High,Serious,2,6,4
2023-09-05,2229,Thika,Stormy,Wet,Bicycle,Fatigued,Medium,Fatal,3,0,0
2023-10-03,943,Nairobi,Foggy,Icy,Bicycle,Normal,Low,Minor,3,0,1
2023-02-18,1115,Nakuru,Clear,Icy,Bicycle,Drunk,Low,Fatal,1,4,5
2023-10-08,459,Nakuru,Clear,Icy,Bus,Normal,High,Serious,5,10,0
2023-04-23,1054,Kisumu,Snowy,Dry,Bicycle,Normal,High,Fatal,3,0,2
2023-10-31,1210,Mombasa,Snowy,Wet,Pedestrian,Fatigued,Low,Minor,4,4,2
2023-04-13,519,Nakuru,Rainy,Icy,Car,Distracted,Low,Serious,2,0,1
2023-02-14,2047,Kericho,Foggy,Muddy,Car,Distracted,Medium,Fatal,1,6,1
2023-06-27,1508,Mombasa,Rainy,Dry,Truck,Fatigued,High,Fatal,4,10,4
2023-01-17,2120,Kericho,Clear,Icy,Pedestrian,Fatigued,Low,Fatal,3,3,2
2023-05-26,1416,Eldoret,Stormy,Dry,Car,Normal,High,Minor,1,1,1
2023-04-10,632,Nairobi,Snowy,Muddy,Car,Fatigued,High,Minor,1,10,4
2023-08-15,1452,Machakos,Foggy,Wet,Bicycle,Fatigued,High,Minor,3,6,5
2023-05-05,1643,Thika,Clear,Wet,Pedestrian,Distracted,High,Serious,4,1,1
2023-05-02,1227,Nairobi,Stormy,Dry,Truck,Fatigued,Low,Minor,4,6,2
2023-05-19,2025,Nyeri,Foggy,Wet,Pedestrian,Distracted,Medium,Serious,3,1,0
2023-06-04,214,Thika,Stormy,Muddy,Bicycle,Fatigued,Medium,Minor,5,5,3
2023-09-29,1808,Nairobi,Foggy,Wet,Car,Fatigued,Low,Serious,4,7,3
2023-12-18,1337,Kericho,Snowy,Wet,Car,Normal,Low,Serious,2,3,1
2023-10-02,2132,Nyeri,Snowy,Icy,Motorcycle,Fatigued,Low,Fatal,5,6,1
2023-01-16,2036,Mombasa,Rainy,Wet,Truck,Normal,Low,Serious,5,8,4
2023-11-19,349,Machakos,Foggy,Muddy,Bus,Normal,High,Minor,5,8,3
2023-11-13,746,Thika,Stormy,Muddy,Truck,Distracted,Low,Minor,5,8,5
2023-11-20,525,Mombasa,Foggy,Dry,Car,Normal,High,Fatal,4,5,3
2023-02-15,1841,Kisumu,Foggy,Dry,Pedestrian,Normal,Low,Fatal,3,9,5
2023-10-12,1613,Machakos,Foggy,Dry,Motorcycle,Drunk,Low,Serious,4,4,4
2023-02-14,1119,Meru,Rainy,Wet,Bus,Distracted,High,Minor,2,6,4
2023-12-31,446,Eldoret,Foggy,Wet,Bicycle,Fatigued,Medium,Fatal,4,5,5
2023-07-05,828,Nairobi,Stormy,Icy,Pedestrian,Drunk,Medium,Fatal,1,1,5
2023-03-13,2347,Mombasa,Stormy,Wet,Bus,Fatigued,High,Minor,4,8,2
2023-10-02,1512,Kericho,Rainy,Wet,Bicycle,Fatigued,Low,Fatal,5,0,2
2023-04-21,232,Eldoret,Snowy,Wet,Bus,Fatigued,Medium,Minor,2,10,1
2023-11-14,1118,Kericho,Rainy,Wet,Motorcycle,Drunk,High,Serious,3,1,0
2023-11-22,47,Mombasa,Stormy,Icy,Car,Distracted,Medium,Fatal,1,10,3
2023-06-25,1838,Mombasa,Snowy,Icy,Bus,Distracted,Low,Fatal,4,8,2
2023-02-10,1551,Nyeri,Snowy,Icy,Bus,Normal,High,Serious,3,3,0
2023-03-13,2044,Meru,Snowy,Muddy,Truck,Normal,High,Minor,5,1,0
2023-12-22,1408,Nairobi,Rainy,Muddy,Bicycle,Fatigued,Low,Fatal,4,7,3
2023-05-01,1152,Nyeri,Snowy,Muddy,Bus,Distracted,Medium,Fatal,1,1,2
2023-05-25,1408,Mombasa,Foggy,Dry,Car,Distracted,High,Minor,4,6,0
2023-05-19,1453,Mombasa,Snowy,Dry,Motorcycle,Distracted,Medium,Fatal,4,3,3
2023-09-20,506,Kisumu,Snowy,Muddy,Car,Normal,High,Serious,4,7,1
2023-08-14,646,Thika,Clear,Wet,Motorcycle,Distracted,High,Serious,3,9,1
2023-05-20,2343,Meru,Rainy,Wet,Bus,Drunk,Medium,Fatal,1,5,1
2023-02-02,338,Mombasa,Stormy,Muddy,Bicycle,Normal,Medium,Fatal,3,9,0
2023-05-11,201,Thika,Foggy,Muddy,Pedestrian,Normal,Medium,Minor,2,2,2
2023-05-12,1523,Nyeri,Foggy,Wet,Car,Normal,Medium,Minor,3,0,0
2023-07-15,1023,Thika,Stormy,Dry,Car,Fatigued,High,Fatal,3,3,5
2023-11-03,2237,Nairobi,Stormy,Muddy,Bus,Distracted,High,Fatal,5,7,3
2023-02-08,2316,Nairobi,Clear,Dry,Car,Fatigued,High,Serious,2,6,3
2023-10-25,948,Mombasa,Rainy,Dry,Motorcycle,Fatigued,Medium,Serious,4,0,5
2023-06-07,459,Thika,Rainy,Icy,Car,Fatigued,Medium,Fatal,1,0,4
2023-03-29,2005,Machakos,Snowy,Wet,Car,Normal,Medium,Minor,1,10,1
2023-08-17,1513,Machakos,Snowy,Dry,Bicycle,Normal,Medium,Fatal,2,1,1
2023-02-27,1049,Machakos,Snowy,Wet,Truck,Distracted,Medium,Fatal,1,6,4
2023-11-29,809,Kisumu,Clear,Wet,Pedestrian,Distracted,Low,Fatal,3,7,1
2023-01-19,2331,Kericho,Stormy,Muddy,Pedestrian,Drunk,High,Minor,5,0,5
2023-06-19,309,Nakuru,Snowy,Icy,Bicycle,Fatigued,Low,Serious,2,8,1
2023-07-28,1101,Nairobi,Foggy,Muddy,Truck,Normal,Low,Serious,1,2,3
2023-01-25,1437,Meru,Clear,Wet,Bus,Normal,Low,Minor,3,5,0
2023-05-27,1654,Eldoret,Snowy,Icy,Motorcycle,Distracted,Low,Minor,5,0,2
2023-04-21,2310,Machakos,Rainy,Icy,Bicycle,Fatigued,Low,Serious,5,6,2
2023-09-11,1141,Meru,Snowy,Muddy,Motorcycle,Drunk,Medium,Serious,1,7,1
2023-04-20,128,Nyeri,Rainy,Dry,Car,Distracted,High,Minor,2,0,5
2023-11-07,2334,Eldoret,Rainy,Dry,Motorcycle,Normal,Low,Fatal,3,2,2
2023-04-25,2252,Thika,Rainy,Dry,Motorcycle,Fatigued,Low,Fatal,5,4,1
2023-03-19,1806,Kisumu,Foggy,Icy,Bus,Fatigued,Medium,Minor,1,2,3
2023-10-07,913,Meru,Snowy,Dry,Truck,Distracted,Medium,Fatal,5,7,0
2023-06-11,117,Nakuru,Rainy,Dry,Truck,Drunk,Low,Serious,4,8,4
2023-06-10,1643,Machakos,Foggy,Muddy,Car,Distracted,Medium,Fatal,1,1,1
2023-05-26,41,Nakuru,Stormy,Wet,Bus,Drunk,Low,Serious,2,2,1
2023-05-23,856,Machakos,Clear,Wet,Car,Fatigued,Low,Minor,2,5,0
2023-02-14,1056,Machakos,Clear,Wet,Bicycle,Fatigued,Low,Fatal,2,0,1
2023-11-13,1156,Kisumu,Clear,Wet,Pedestrian,Normal,Low,Minor,3,6,1
2023-08-08,1802,Mombasa,Clear,Wet,Pedestrian,Drunk,Medium,Fatal,3,10,5
2023-10-17,1122,Mombasa,Snowy,Dry,Bicycle,Distracted,Low,Fatal,4,7,0
2023-11-11,133,Meru,Rainy,Icy,Car,Distracted,Low,Minor,4,1,4
2023-12-03,1207,Eldoret,Foggy,Icy,Bicycle,Fatigued,High,Minor,2,9,2
2023-06-16,44,Kericho,Snowy,Muddy,Bicycle,Distracted,Low,Minor,2,3,3
2023-08-12,1013,Mombasa,Stormy,Dry,Bus,Fatigued,High,Serious,1,5,1
2023-03-28,1717,Nairobi,Rainy,Icy,Bicycle,Fatigued,High,Fatal,3,3,2
2023-04-01,134,Mombasa,Clear,Dry,Bus,Distracted,High,Fatal,2,0,3
2023-12-19,2158,Machakos,Clear,Icy,Bicycle,Normal,Low,Serious,1,2,3
2023-07-25,1235,Mombasa,Stormy,Icy,Bus,Distracted,High,Fatal,2,8,4
2023-03-17,2250,Kisumu,Rainy,Wet,Car,Distracted,Low,Serious,4,4,5
2023-09-18,559,Nyeri,Clear,Icy,Bicycle,Distracted,Medium,Minor,2,7,3
2023-07-09,1833,Kisumu,Stormy,Wet,Car,Distracted,High,Serious,2,4,5
2023-12-12,1631,Nakuru,Snowy,Muddy,Bus,Distracted,Low,Minor,2,5,4
2023-03-21,927,Nairobi,Rainy,Wet,Bus,Drunk,Medium,Serious,5,5,1
2023-03-21,441,Thika,Rainy,Icy,Pedestrian,Drunk,Low,Serious,1,8,5
2023-05-16,1109,Thika,Snowy,Wet,Pedestrian,Drunk,High,Minor,2,10,1
2023-06-18,1209,Nyeri,Stormy,Icy,Motorcycle,Normal,High,Serious,3,7,0
2023-04-20,900,Machakos,Rainy,Wet,Car,Distracted,Medium,Minor,5,1,1
2023-01-28,1403,Nairobi,Snowy,Icy,Pedestrian,Distracted,Medium,Minor,5,9,0
2023-12-31,1513,Machakos,Rainy,Wet,Pedestrian,Drunk,Low,Serious,1,1,0
2023-04-06,1044,Machakos,Clear,Wet,Bus,Distracted,High,Minor,2,7,3
2023-04-09,314,Machakos,Clear,Icy,Pedestrian,Fatigued,Low,Minor,2,8,0
2023-05-28,1041,Eldoret,Stormy,Icy,Bus,Drunk,Low,Serious,3,1,4
2023-05-01,1425,Thika,Foggy,Icy,Bus,Drunk,Medium,Fatal,2,2,2
2023-09-10,406,Thika,Stormy,Dry,Truck,Drunk,Medium,Fatal,5,3,5
2023-03-09,509,Nakuru,Rainy,Dry,Motorcycle,Fatigued,High,Fatal,1,7,2
2023-08-28,1559,Nakuru,Foggy,Dry,Truck,Drunk,High,Fatal,2,3,5
2023-12-16,1224,Kericho,Clear,Dry,Bus,Normal,Low,Minor,5,10,0
2023-03-13,408,Mombasa,Stormy,Icy,Bicycle,Drunk,Low,Fatal,1,10,2
2023-04-12,1938,Mombasa,Snowy,Icy,Bus,Normal,High,Minor,2,3,3
2023-11-29,2147,Machakos,Rainy,Dry,Motorcycle,Fatigued,Low,Fatal,1,4,4
2023-07-16,1044,Kericho,Clear,Wet,Bicycle,Fatigued,High,Fatal,4,1,1
2023-10-06,1347,Eldoret,Rainy,Icy,Bus,Normal,High,Serious,4,6,3
2023-12-28,1621,Nakuru,Rainy,Muddy,Truck,Normal,High,Fatal,2,4,0
2023-10-17,1429,Mombasa,Foggy,Icy,Motorcycle,Normal,High,Serious,1,5,5
2023-07-21,1136,Nairobi,Foggy,Icy,Motorcycle,Fatigued,High,Minor,2,8,2
2023-11-04,911,Mombasa,Foggy,Wet,Bicycle,Drunk,Low,Fatal,5,3,3
2023-05-16,903,Thika,Stormy,Muddy,Car,Drunk,High,Serious,5,8,0
2023-11-30,1023,Kisumu,Stormy,Wet,Bicycle,Normal,Medium,Serious,1,1,4
2023-09-18,1134,Eldoret,Snowy,Wet,Motorcycle,Normal,High,Minor,3,6,5
2023-01-28,1011,Meru,Stormy,Icy,Truck,Normal,Medium,Minor,4,8,1
2023-01-21,410,Nakuru,Stormy,Icy,Car,Normal,Low,Serious,2,7,5
2023-09-08,318,Mombasa,Foggy,Muddy,Truck,Drunk,Medium,Minor,1,1,1
2023-01-31,110,Nakuru,Stormy,Icy,Car,Drunk,Low,Serious,4,1,1
2023-04-30,840,Mombasa,Foggy,Icy,Bicycle,Normal,High,Minor,1,6,2
2023-11-30,1337,Nakuru,Snowy,Wet,Bicycle,Fatigued,Low,Minor,1,1,0
2023-01-17,1404,Kericho,Foggy,Dry,Pedestrian,Fatigued,Low,Serious,3,6,4
2023-12-04,750,Kisumu,Clear,Muddy,Motorcycle,Fatigued,High,Fatal,1,10,2
2023-03-20,817,Meru,Rainy,Muddy,Bicycle,Distracted,Low,Minor,2,7,3
2023-02-23,2221,Nakuru,Stormy,Muddy,Truck,Distracted,High,Serious,4,4,0
2023-09-25,835,Kisumu,Rainy,Dry,Bicycle,Fatigued,High,Serious,2,6,2
2023-03-05,1342,Kisumu,Stormy,Muddy,Bus,Normal,Medium,Serious,2,10,5
2023-03-28,429,Eldoret,Stormy,Icy,Truck,Distracted,Medium,Serious,2,5,5
2023-08-02,1343,Nairobi,Stormy,Icy,Pedestrian,Distracted,Medium,Serious,1,8,5
2023-06-04,1426,Thika,Snowy,Muddy,Truck,Normal,Low,Fatal,2,10,1
2023-11-08,206,Meru,Snowy,Dry,Bicycle,Fatigued,Low,Fatal,3,10,1
2023-05-16,107,Kisumu,Snowy,Wet,Truck,Distracted,Medium,Fatal,4,9,3
2023-02-02,2345,Eldoret,Snowy,Wet,Bus,Distracted,Medium,Serious,4,7,5
2023-04-02,1517,Kisumu,Snowy,Dry,Bicycle,Normal,Low,Fatal,2,9,1
2023-08-16,1225,Thika,Rainy,Muddy,Truck,Drunk,Medium,Fatal,1,0,2
2023-01-15,1148,Machakos,Snowy,Wet,Truck,Fatigued,Low,Fatal,3,4,1
2023-05-20,247,Machakos,Stormy,Wet,Motorcycle,Normal,High,Serious,4,0,0
2023-05-16,508,Nairobi,Snowy,Icy,Bus,Distracted,Medium,Fatal,1,10,5
2023-12-22,219,Eldoret,Foggy,Muddy,Truck,Distracted,Medium,Fatal,3,8,5
2023-02-08,2312,Kericho,Foggy,Wet,Car,Drunk,Low,Minor,1,7,5
2023-10-12,16,Nakuru,Stormy,Icy,Bicycle,Distracted,Low,Minor,3,6,0
2023-01-16,340,Mombasa,Foggy,Dry,Motorcycle,Drunk,Medium,Fatal,1,0,0
2023-06-30,812,Kisumu,Foggy,Muddy,Motorcycle,Normal,Medium,Serious,5,2,3
2023-04-23,823,Machakos,Rainy,Wet,Bicycle,Fatigued,Low,Fatal,4,8,3
2023-06-15,222,Machakos,Stormy,Dry,Truck,Drunk,Medium,Fatal,4,3,2
2023-10-09,714,Kericho,Snowy,Dry,Pedestrian,Fatigued,High,Fatal,2,1,4
2023-12-16,353,Machakos,Foggy,Dry,Bicycle,Distracted,Medium,Minor,5,3,3
2023-09-15,1308,Eldoret,Clear,Dry,Bus,Normal,High,Fatal,5,8,0
2023-03-16,2345,Kericho,Stormy,Wet,Motorcycle,Distracted,Medium,Minor,2,3,4
2023-02-13,1243,Kisumu,Stormy,Dry,Bus,Fatigued,Medium,Minor,5,4,2
